Date,AGG
2016-01-04,82.64877319335938
2016-01-05,82.6870346069336
2016-01-06,83.00090789794922
2016-01-07,82.99324035644531
2016-01-08,83.1769790649414
2016-01-11,82.93963623046875
2016-01-12,83.12337493896484
2016-01-13,83.31472778320312
2016-01-14,83.28408813476562
2016-01-15,83.38365936279297
2016-01-19,83.29946899414062
2016-01-20,83.36834716796875
2016-01-21,83.25352478027344
2016-01-22,83.31472778320312
2016-01-25,83.2688217163086
2016-01-26,83.3759536743164
2016-01-27,83.3912353515625
2016-01-28,83.46019744873047
2016-01-29,83.70508575439453
2016-02-01,83.6038589477539
2016-02-02,83.85698699951172
2016-02-03,83.8493423461914
2016-02-04,83.93372344970703
2016-02-05,83.85698699951172
2016-02-08,84.17918395996094
2016-02-09,84.17150115966797
2016-02-10,84.37860870361328
2016-02-11,84.43230438232422
2016-02-12,84.20220184326172
2016-02-16,83.99507904052734
2016-02-17,83.94908142089844
2016-02-18,84.20220184326172
2016-02-19,84.21751403808594
2016-02-22,84.24055480957031
2016-02-23,84.255859375
2016-02-24,84.28659057617188
2016-02-25,84.5013427734375
2016-02-26,84.34793853759766
2016-02-29,84.44766235351562
2016-03-01,84.19476318359375
2016-03-02,84.1025619506836
2016-03-03,84.20249938964844
2016-03-04,84.07177734375
2016-03-07,84.04871368408203
2016-03-08,84.25627899169922
2016-03-09,84.21783447265625
2016-03-10,84.25627899169922
2016-03-11,84.1025619506836
2016-03-14,84.14866638183594
2016-03-15,84.07177734375
2016-03-16,84.43305206298828
2016-03-17,84.60981750488281
2016-03-18,84.67901611328125
2016-03-21,84.4945297241211
2016-03-22,84.4407730102539
2016-03-23,84.6252212524414
2016-03-24,84.63291931152344
2016-03-28,84.69437408447266
2016-03-29,84.94804382324219
2016-03-30,84.91727447509766
2016-03-31,85.18630981445312
2016-04-01,85.1108169555664
2016-04-04,85.19554901123047
2016-04-05,85.31108093261719
2016-04-06,85.29569244384766
2016-04-07,85.48052978515625
2016-04-08,85.39578247070312
2016-04-11,85.45745086669922
2016-04-12,85.31876373291016
2016-04-13,85.3572998046875
2016-04-14,85.21095275878906
2016-04-15,85.44969940185547
2016-04-18,85.44200134277344
2016-04-19,85.43431854248047
2016-04-20,85.22638702392578
2016-04-21,85.1108169555664
2016-04-22,85.11849975585938
2016-04-25,85.02613830566406
2016-04-26,84.98760986328125
2016-04-27,85.24173736572266
2016-04-28,85.41123962402344
2016-04-29,85.40348052978516
2016-05-02,85.34564208984375
2016-05-03,85.49992370605469
2016-05-04,85.53854370117188
2016-05-05,85.7545394897461
2016-05-06,85.62339782714844
2016-05-09,85.67740631103516
2016-05-10,85.71600341796875
2016-05-11,85.71600341796875
2016-05-12,85.63884735107422
2016-05-13,85.80089569091797
2016-05-16,85.65426635742188
2016-05-17,85.53854370117188
2016-05-18,85.1836166381836
2016-05-19,85.23758697509766
2016-05-20,85.2916259765625
2016-05-23,85.27613067626953
2016-05-24,85.22987365722656
2016-05-25,85.24531555175781
2016-05-26,85.3764877319336
2016-05-27,85.36106872558594
2016-05-31,85.41504669189453
2016-06-01,85.36714172363281
2016-06-02,85.58358764648438
2016-06-03,86.04747009277344
2016-06-06,85.9315185546875
2016-06-07,86.00881958007812
2016-06-08,86.03976440429688
2016-06-09,86.10160827636719
2016-06-10,86.2175521850586
2016-06-13,86.28716278076172
2016-06-14,86.24845123291016
2016-06-15,86.43404388427734
2016-06-16,86.48815155029297
2016-06-17,86.42631530761719
2016-06-20,86.18663787841797
2016-06-21,86.12480163574219
2016-06-22,86.17888641357422
2016-06-23,86.03199768066406
2016-06-24,86.49591827392578
2016-06-27,86.8437728881836
2016-06-28,86.9520034790039
2016-06-29,86.89017486572266
2016-06-30,87.06796264648438
2016-07-01,87.25544738769531
2016-07-05,87.48778533935547
2016-07-06,87.65046691894531
2016-07-07,87.58849334716797
2016-07-08,87.72016906738281
2016-07-11,87.48778533935547
2016-07-12,87.22443389892578
2016-07-13,87.3483657836914
2016-07-14,87.27093505859375
2016-07-15,86.95335388183594
2016-07-18,86.96884155273438
2016-07-19,87.14698791503906
2016-07-20,87.06950378417969
2016-07-21,87.14698791503906
2016-07-22,87.16248321533203
2016-07-25,87.06181335449219
2016-07-26,87.06181335449219
2016-07-27,87.31739807128906
2016-07-28,87.3096694946289
2016-07-29,87.54198455810547
2016-08-01,87.33794403076172
2016-08-02,87.08186340332031
2016-08-03,87.17498779296875
2016-08-04,87.33794403076172
2016-08-05,87.04301452636719
2016-08-08,87.09738159179688
2016-08-09,87.32240295410156
2016-08-10,87.4233169555664
2016-08-11,87.19052124023438
2016-08-12,87.40001678466797
2016-08-15,87.24481201171875
2016-08-16,87.19052124023438
2016-08-17,87.35345458984375
2016-08-18,87.47758483886719
2016-08-19,87.28358459472656
2016-08-22,87.41554260253906
2016-08-23,87.43882751464844
2016-08-24,87.4078140258789
2016-08-25,87.31465911865234
2016-08-26,87.17498779296875
2016-08-29,87.41554260253906
2016-08-30,87.36895751953125
2016-08-31,87.35345458984375
2016-09-01,87.42963409423828
2016-09-02,87.31300354003906
2016-09-06,87.49962615966797
2016-09-07,87.54624938964844
2016-09-08,87.24308776855469
2016-09-09,86.86214447021484
2016-09-12,86.93208312988281
2016-09-13,86.69109344482422
2016-09-14,86.79994201660156
2016-09-15,86.85429382324219
2016-09-16,86.91655731201172
2016-09-19,86.8465576171875
2016-09-20,86.87765502929688
2016-09-21,87.0953598022461
2016-09-22,87.27416229248047
2016-09-23,87.25082397460938
2016-09-26,87.35969543457031
2016-09-27,87.46849822998047
2016-09-28,87.49182891845703
2016-09-29,87.49182891845703
2016-09-30,87.3985824584961
2016-10-03,87.29962921142578
2016-10-04,87.00365447998047
2016-10-05,86.88687896728516
2016-10-06,86.88687896728516
2016-10-07,86.90242004394531
2016-10-10,86.86348724365234
2016-10-11,86.7310791015625
2016-10-12,86.76221466064453
2016-10-13,86.88687896728516
2016-10-14,86.73888397216797
2016-10-17,86.88687896728516
2016-10-18,87.02703094482422
2016-10-19,87.07379913330078
2016-10-20,87.04258728027344
2016-10-21,87.09710693359375
2016-10-24,86.9647445678711
2016-10-25,86.9647445678711
2016-10-26,86.79338073730469
2016-10-27,86.5753173828125
2016-10-28,86.5753173828125
2016-10-31,86.6843490600586
2016-11-01,86.6375503540039
2016-11-02,86.73896789550781
2016-11-03,86.62195587158203
2016-11-04,86.80140686035156
2016-11-07,86.69995880126953
2016-11-08,86.5594711303711
2016-11-09,85.75578308105469
2016-11-10,85.40461730957031
2016-11-11,85.24858856201172
2016-11-14,84.90524291992188
2016-11-15,84.9676513671875
2016-11-16,85.15497589111328
2016-11-17,84.83501434326172
2016-11-18,84.5619125366211
2016-11-21,84.63213348388672
2016-11-22,84.71016693115234
2016-11-23,84.41362762451172
2016-11-25,84.40583038330078
2016-11-28,84.70238494873047
2016-11-29,84.79601287841797
2016-11-30,84.46050262451172
2016-12-01,84.18215942382812
2016-12-02,84.4479751586914
2016-12-05,84.51836395263672
2016-12-06,84.50270080566406
2016-12-07,84.72154998779297
2016-12-08,84.56521606445312
2016-12-09,84.3072738647461
2016-12-12,84.22909545898438
2016-12-13,84.33854675292969
2016-12-14,83.87726593017578
2016-12-15,83.77566528320312
2016-12-16,83.83040618896484
2016-12-19,84.04924011230469
2016-12-20,83.97110748291016
2016-12-21,84.15088653564453
2016-12-22,84.15013122558594
2016-12-23,84.17362213134766
2016-12-27,84.11092376708984
2016-12-28,84.244140625
2016-12-29,84.5027084350586
2016-12-30,84.67511749267578
2017-01-03,84.76129150390625
2017-01-04,84.78477478027344
2017-01-05,85.13745880126953
2017-01-06,84.8553237915039
2017-01-09,84.99639892578125
2017-01-10,84.972900390625
2017-01-11,85.07472229003906
2017-01-12,85.10606384277344
2017-01-13,84.95718383789062
2017-01-17,85.24713134765625
2017-01-18,84.87886810302734
2017-01-19,84.65943908691406
2017-01-20,84.6907958984375
2017-01-23,84.92585754394531
2017-01-24,84.79261779785156
2017-01-25,84.56543731689453
2017-01-26,84.62026977539062
2017-01-27,84.6907958984375
2017-01-30,84.6516342163086
2017-01-31,84.8553237915039
2017-02-01,84.73600769042969
2017-02-02,84.78309631347656
2017-02-03,84.80668640136719
2017-02-06,85.050048828125
2017-02-07,85.13641357421875
2017-02-08,85.37982940673828
2017-02-09,85.17566680908203
2017-02-10,85.15998077392578
2017-02-13,85.03435516357422
2017-02-14,84.84589385986328
2017-02-15,84.71243286132812
2017-02-16,84.89300537109375
2017-02-17,85.08147430419922
2017-02-21,85.07359313964844
2017-02-22,85.12853240966797
2017-02-23,85.26990509033203
2017-02-24,85.58397674560547
2017-02-27,85.42694854736328
2017-02-28,85.40339660644531
2017-03-01,85.00212860107422
2017-03-02,84.84481811523438
2017-03-03,84.90775299072266
2017-03-06,84.86836242675781
2017-03-07,84.7582778930664
2017-03-08,84.55367279052734
2017-03-09,84.29402923583984
2017-03-10,84.41990661621094
2017-03-13,84.27830505371094
2017-03-14,84.30978393554688
2017-03-15,84.79761505126953
2017-03-16,84.70316314697266
2017-03-17,84.88410949707031
2017-03-20,85.01001739501953
2017-03-21,85.18309020996094
2017-03-22,85.30107116699219
2017-03-23,85.3247299194336
2017-03-24,85.25389862060547
2017-03-27,85.45845794677734
2017-03-28,85.26176452636719
2017-03-29,85.45060729980469
2017-03-30,85.29324340820312
2017-03-31,85.3561782836914
2017-04-03,85.6731185913086
2017-04-04,85.59423828125
2017-04-05,85.68887329101562
2017-04-06,85.68104553222656
2017-04-07,85.49176788330078
2017-04-10,85.6021728515625
2017-04-11,85.8465576171875
2017-04-12,86.0357437133789
2017-04-13,86.14611053466797
2017-04-17,86.09883117675781
2017-04-18,86.44569396972656
2017-04-19,86.31171417236328
2017-04-20,86.17769622802734
2017-04-21,86.2013168334961
2017-04-24,86.0752182006836
2017-04-25,85.7913818359375
2017-04-26,85.9017562866211
2017-04-27,85.98057556152344
2017-04-28,86.13033294677734
2017-05-01,85.90837097167969
2017-05-02,86.02685546875
2017-05-03,85.93993377685547
2017-05-04,85.86884307861328
2017-05-05,85.88465881347656
2017-05-08,85.71871185302734
2017-05-09,85.72662353515625
2017-05-10,85.7503662109375
2017-05-11,85.74242401123047
2017-05-12,86.0584945678711
2017-05-15,86.02685546875
2017-05-16,86.13745880126953
2017-05-17,86.5799331665039
2017-05-18,86.53252410888672
2017-05-19,86.53252410888672
2017-05-22,86.47724914550781
2017-05-23,86.31129455566406
2017-05-24,86.4614028930664
2017-05-25,86.50094604492188
2017-05-26,86.4693374633789
2017-05-30,86.63526153564453
2017-05-31,86.72216796875
2017-06-01,86.68262481689453
2017-06-02,86.96759033203125
2017-06-05,86.83300018310547
2017-06-06,87.0071792602539
2017-06-07,86.9042739868164
2017-06-08,86.8171615600586
2017-06-09,86.74590301513672
2017-06-12,86.74590301513672
2017-06-13,86.76963806152344
2017-06-14,87.04678344726562
2017-06-15,86.99140930175781
2017-06-16,87.04678344726562
2017-06-19,86.92799377441406
2017-06-20,87.06260681152344
2017-06-21,87.07848358154297
2017-06-22,87.11802673339844
2017-06-23,87.13391876220703
2017-06-26,87.2130355834961
2017-06-27,86.9517593383789
2017-06-28,86.98341369628906
2017-06-29,86.8171615600586
2017-06-30,86.70632934570312
2017-07-03,86.55160522460938
2017-07-05,86.59925079345703
2017-07-06,86.43260955810547
2017-07-07,86.40087127685547
2017-07-10,86.44053649902344
2017-07-11,86.51988983154297
2017-07-12,86.7817153930664
2017-07-13,86.68651580810547
2017-07-14,86.77377319335938
2017-07-17,86.81343841552734
2017-07-18,87.01174926757812
2017-07-19,87.03556823730469
2017-07-20,87.05941009521484
2017-07-21,87.21012115478516
2017-07-24,87.13076782226562
2017-07-25,86.82137298583984
2017-07-26,86.98799896240234
2017-07-27,86.86107635498047
2017-07-28,87.03556823730469
2017-07-31,86.99590301513672
2017-08-01,87.23442840576172
2017-08-02,87.17085266113281
2017-08-03,87.34575653076172
2017-08-04,87.2026138305664
2017-08-07,87.19466400146484
2017-08-08,87.11520385742188
2017-08-09,87.19466400146484
2017-08-10,87.28213500976562
2017-08-11,87.35370635986328
2017-08-14,87.31392669677734
2017-08-15,87.18672180175781
2017-08-16,87.34575653076172
2017-08-17,87.47294616699219
2017-08-18,87.41732025146484
2017-08-21,87.48091125488281
2017-08-22,87.4013900756836
2017-08-23,87.60018157958984
2017-08-24,87.48886108398438
2017-08-25,87.55244445800781
2017-08-28,87.58425903320312
2017-08-29,87.71147918701172
2017-08-30,87.69558715820312
2017-08-31,87.8148422241211
2017-09-01,87.61565399169922
2017-09-05,87.97418975830078
2017-09-06,87.8785629272461
2017-09-07,88.09368133544922
2017-09-08,87.99010467529297
2017-09-11,87.75111389160156
2017-09-12,87.62361145019531
2017-09-13,87.53599548339844
2017-09-14,87.5837631225586
2017-09-15,87.56786346435547
2017-09-18,87.52803802490234
2017-09-19,87.48021697998047
2017-09-20,87.40853118896484
2017-09-21,87.3926010131836
2017-09-22,87.45628356933594
2017-09-25,87.66348266601562
2017-09-26,87.63159942626953
2017-09-27,87.37663269042969
2017-09-28,87.38461303710938
2017-09-29,87.31295013427734
2017-10-02,87.36640930175781
2017-10-03,87.43824005126953
2017-10-04,87.4142837524414
2017-10-05,87.37440490722656
2017-10-06,87.24662780761719
2017-10-09,87.36640930175781
2017-10-10,87.37440490722656
2017-10-11,87.39034271240234
2017-10-12,87.49413299560547
2017-10-13,87.70970153808594
2017-10-16,87.62187194824219
2017-10-17,87.58997344970703
2017-10-18,87.45423126220703
2017-10-19,87.51809692382812
2017-10-20,87.2625961303711
2017-10-23,87.35840606689453
2017-10-24,87.17476654052734
2017-10-25,87.11888122558594
2017-10-26,87.0230941772461
2017-10-27,87.21469116210938
2017-10-30,87.45423126220703
2017-10-31,87.39830780029297
2017-11-01,87.43672943115234
2017-11-02,87.48472595214844
2017-11-03,87.56475067138672
2017-11-06,87.64474487304688
2017-11-07,87.66871643066406
2017-11-08,87.61270904541016
2017-11-09,87.54873657226562
2017-11-10,87.19672393798828
2017-11-13,87.19672393798828
2017-11-14,87.28467559814453
2017-11-15,87.45274353027344
2017-11-16,87.35671997070312
2017-11-17,87.45274353027344
2017-11-20,87.40473175048828
2017-11-21,87.49272918701172
2017-11-22,87.64474487304688
2017-11-24,87.62873840332031
2017-11-27,87.62873840332031
2017-11-28,87.62873840332031
2017-11-29,87.41276550292969
2017-11-30,87.26869201660156
2017-12-01,87.51808166503906
2017-12-04,87.51008605957031
2017-12-05,87.59825897216797
2017-12-06,87.68641662597656
2017-12-07,87.57417297363281
2017-12-08,87.5421142578125
2017-12-11,87.51008605957031
2017-12-12,87.469970703125
2017-12-13,87.718505859375
2017-12-14,87.74252319335938
2017-12-15,87.76658630371094
2017-12-18,87.65438079833984
2017-12-19,87.3978042602539
2017-12-20,87.19738006591797
2017-12-21,87.2743911743164
2017-12-22,87.3144760131836
2017-12-26,87.38661193847656
2017-12-27,87.65927124023438
2017-12-28,87.59517669677734
2017-12-29,87.68341064453125
2018-01-02,87.55506134033203
2018-01-03,87.5631103515625
2018-01-04,87.50695037841797
2018-01-05,87.4508056640625
2018-01-08,87.4267807006836
2018-01-09,87.18617248535156
2018-01-10,87.18617248535156
2018-01-11,87.22628021240234
2018-01-12,87.21024322509766
2018-01-16,87.23424530029297
2018-01-17,87.13801574707031
2018-01-18,86.94551086425781
2018-01-19,86.7610855102539
2018-01-22,86.72898864746094
2018-01-23,86.93749237060547
2018-01-24,86.84927368164062
2018-01-25,87.07386779785156
2018-01-26,86.91344451904297
2018-01-29,86.7610855102539
2018-01-30,86.62471771240234
2018-01-31,86.69690704345703
2018-02-01,86.42523193359375
2018-02-02,86.16804504394531
2018-02-05,86.51366424560547
2018-02-06,86.26447296142578
2018-02-07,86.07158660888672
2018-02-08,85.92686462402344
2018-02-09,85.8143310546875
2018-02-12,85.83847045898438
2018-02-13,85.862548828125
2018-02-14,85.57322692871094
2018-02-15,85.67768096923828
2018-02-16,85.84649658203125
2018-02-20,85.75812530517578
2018-02-21,85.48477172851562
2018-02-22,85.4928207397461
2018-02-23,85.70984649658203
2018-02-26,85.77416229248047
2018-02-27,85.58929443359375
2018-02-28,85.82239532470703
2018-03-01,85.89887237548828
2018-03-02,85.76200103759766
2018-03-05,85.713623046875
2018-03-06,85.72972106933594
2018-03-07,85.713623046875
2018-03-08,85.85061645507812
2018-03-09,85.68946075439453
2018-03-12,85.73779296875
2018-03-13,85.85061645507812
2018-03-14,85.99554443359375
2018-03-15,86.00362396240234
2018-03-16,85.95531463623047
2018-03-19,85.86665344238281
2018-03-20,85.72972106933594
2018-03-21,85.72166442871094
2018-03-22,85.88280487060547
2018-03-23,85.88280487060547
2018-03-26,85.85061645507812
2018-03-27,86.10027313232422
2018-03-28,86.14865112304688
2018-03-29,86.39839172363281
2018-04-02,86.31195831298828
2018-04-03,86.21509552001953
2018-04-04,86.24738311767578
2018-04-05,86.12629699707031
2018-04-06,86.32003784179688
2018-04-09,86.39268493652344
2018-04-10,86.32813262939453
2018-04-11,86.40081787109375
2018-04-12,86.20703125
2018-04-13,86.23123931884766
2018-04-16,86.24738311767578
2018-04-17,86.2716293334961
2018-04-18,86.0293960571289
2018-04-19,85.81947326660156
2018-04-20,85.5853271484375
2018-04-23,85.5449447631836
2018-04-24,85.431884765625
2018-04-25,85.31887817382812
2018-04-26,85.46417999267578
2018-04-27,85.56912994384766
2018-04-30,85.5853271484375
2018-05-01,85.51245880126953
2018-05-02,85.51245880126953
2018-05-03,85.609619140625
2018-05-04,85.66626739501953
2018-05-07,85.62578582763672
2018-05-08,85.52867126464844
2018-05-09,85.43155670166016
2018-05-10,85.62578582763672
2018-05-11,85.66626739501953
2018-05-14,85.58534240722656
2018-05-15,85.2049560546875
2018-05-16,85.10784149169922
2018-05-17,84.9945297241211
2018-05-18,85.21305084228516
2018-05-21,85.22114562988281
2018-05-22,85.22114562988281
2018-05-23,85.45584869384766
2018-05-24,85.69049835205078
2018-05-25,85.87661743164062
2018-05-29,86.4430923461914
2018-05-30,86.22461700439453
2018-05-31,86.15177917480469
2018-06-01,86.0455093383789
2018-06-04,85.84276580810547
2018-06-05,85.90765380859375
2018-06-06,85.71294403076172
2018-06-07,85.89949798583984
2018-06-08,85.77783203125
2018-06-11,85.68858337402344
2018-06-12,85.71294403076172
2018-06-13,85.63180541992188
2018-06-14,85.85081481933594
2018-06-15,85.8832778930664
2018-06-18,85.89949798583984
2018-06-19,85.98872375488281
2018-06-20,85.82649230957031
2018-06-21,85.85081481933594
2018-06-22,85.93196105957031
2018-06-25,85.8832778930664
2018-06-26,86.02117156982422
2018-06-27,86.17529296875
2018-06-28,86.16717529296875
2018-06-29,86.24021911621094
2018-07-02,86.1580810546875
2018-07-03,86.33690643310547
2018-07-05,86.41822814941406
2018-07-06,86.50762939453125
2018-07-09,86.42634582519531
2018-07-10,86.36128997802734
2018-07-11,86.39379119873047
2018-07-12,86.49950408935547
2018-07-13,86.580810546875
2018-07-16,86.48326873779297
2018-07-17,86.45074462890625
2018-07-18,86.42634582519531
2018-07-19,86.55638122558594
2018-07-20,86.38573455810547
2018-07-23,86.0849609375
2018-07-24,86.20685577392578
2018-07-25,86.21500396728516
2018-07-26,86.16621398925781
2018-07-27,86.23124694824219
2018-07-30,86.14185333251953
2018-07-31,86.21500396728516
2018-08-01,86.1261978149414
2018-08-02,86.15878295898438
2018-08-03,86.34619903564453
2018-08-06,86.40321350097656
2018-08-07,86.24838256835938
2018-08-08,86.24838256835938
2018-08-09,86.37062072753906
2018-08-10,86.55805206298828
2018-08-13,86.60693359375
2018-08-14,86.52542877197266
2018-08-15,86.64764404296875
2018-08-16,86.6965560913086
2018-08-17,86.74542999267578
2018-08-20,86.9165267944336
2018-08-21,86.8432388305664
2018-08-22,86.9165267944336
2018-08-23,86.8676528930664
2018-08-24,86.96542358398438
2018-08-27,86.85135650634766
2018-08-28,86.68842315673828
2018-08-29,86.67210388183594
2018-08-30,86.71284484863281
2018-08-31,86.70469665527344
2018-09-04,86.60834503173828
2018-09-05,86.5675048828125
2018-09-06,86.71446228027344
2018-09-07,86.40416717529297
2018-09-10,86.48588562011719
2018-09-11,86.33885192871094
2018-09-12,86.39604187011719
2018-09-13,86.45317077636719
2018-09-14,86.28986358642578
2018-09-17,86.28986358642578
2018-09-18,86.10205078125
2018-09-19,85.938720703125
2018-09-20,86.05305480957031
2018-09-21,86.11837005615234
2018-09-24,86.0367202758789
2018-09-25,85.99588012695312
2018-09-26,86.20005798339844
2018-09-27,86.2572250366211
2018-09-28,86.1673583984375
2018-10-01,86.14444732666016
2018-10-02,86.24267578125
2018-10-03,85.83338165283203
2018-10-04,85.58782958984375
2018-10-05,85.39955139160156
2018-10-08,85.3668212890625
2018-10-09,85.48966217041016
2018-10-10,85.46500396728516
2018-10-11,85.71880340576172
2018-10-12,85.74332427978516
2018-10-15,85.68605041503906
2018-10-16,85.73516845703125
2018-10-17,85.56327819824219
2018-10-18,85.50597381591797
2018-10-19,85.43231201171875
2018-10-22,85.41592407226562
2018-10-23,85.52235412597656
2018-10-24,85.74332427978516
2018-10-25,85.66969299316406
2018-10-26,85.86614227294922
2018-10-29,85.77613830566406
2018-10-30,85.6533432006836
2018-10-31,85.61241149902344
2018-11-01,85.8287353515625
2018-11-02,85.5737075805664
2018-11-05,85.63129425048828
2018-11-06,85.63955688476562
2018-11-07,85.71359252929688
2018-11-08,85.55726623535156
2018-11-09,85.66423797607422
2018-11-12,85.80406951904297
2018-11-13,85.8369369506836
2018-11-14,85.84520721435547
2018-11-15,85.95211029052734
2018-11-16,86.09195709228516
2018-11-19,86.08373260498047
2018-11-20,86.05083465576172
2018-11-21,86.10840606689453
2018-11-23,86.08373260498047
2018-11-26,86.06729888916016
2018-11-27,86.09195709228516
2018-11-28,86.25646209716797
2018-11-29,86.29761505126953
2018-11-30,86.27287292480469
2018-12-03,86.4139404296875
2018-12-04,86.64482879638672
2018-12-06,86.85922241210938
2018-12-07,86.97465515136719
2018-12-10,87.03233337402344
2018-12-11,87.05709838867188
2018-12-12,86.99109649658203
2018-12-13,87.0158462524414
2018-12-14,87.04060363769531
2018-12-17,87.18902587890625
2018-12-18,87.44515228271484
2018-12-19,87.52777099609375
2018-12-20,87.44515228271484
2018-12-21,87.40383911132812
2018-12-24,87.46168518066406
2018-12-26,87.29645538330078
2018-12-27,87.43688201904297
2018-12-28,87.75909423828125
2018-12-31,87.98213195800781
2019-01-02,88.04824829101562
2019-01-03,88.41181182861328
2019-01-04,88.14741516113281
2019-01-07,87.9986801147461
2019-01-08,87.93263244628906
2019-01-09,88.00694274902344
2019-01-10,87.9078140258789
2019-01-11,88.03175354003906
2019-01-14,87.9078140258789
2019-01-15,87.92432403564453
2019-01-16,87.9986801147461
2019-01-17,87.93263244628906
2019-01-18,87.86650085449219
2019-01-22,87.94087982177734
2019-01-23,88.03175354003906
2019-01-24,88.18045043945312
2019-01-25,88.13916015625
2019-01-28,88.08958435058594
2019-01-29,88.32093811035156
2019-01-30,88.51921844482422
2019-01-31,88.78356170654297
2019-02-01,88.59973907470703
2019-02-04,88.52519989013672
2019-02-05,88.71566009521484
2019-02-06,88.66600036621094
2019-02-07,88.7073745727539
2019-02-08,88.90617370605469
2019-02-11,88.81505584716797
2019-02-12,88.83163452148438
2019-02-13,88.67425537109375
2019-02-14,88.80680084228516
2019-02-15,88.87305450439453
2019-02-19,88.92273712158203
2019-02-20,88.93103790283203
2019-02-21,88.7322769165039
2019-02-22,88.95585632324219
2019-02-25,88.93103790283203
2019-02-26,89.03038787841797
2019-02-27,88.83992004394531
2019-02-28,88.6825180053711
2019-03-01,88.53887939453125
2019-03-04,88.64684295654297
2019-03-05,88.70494079589844
2019-03-06,88.83779907226562
2019-03-07,89.08694458007812
2019-03-08,89.20317840576172
2019-03-11,89.21146392822266
2019-03-12,89.37754821777344
2019-03-13,89.33600616455078
2019-03-14,89.20317840576172
2019-03-15,89.4273452758789
2019-03-18,89.41073608398438
2019-03-19,89.36092376708984
2019-03-20,89.72625732421875
2019-03-21,89.74288940429688
2019-03-22,90.19131469726562
2019-03-25,90.35735321044922
2019-03-26,90.3739242553711
2019-03-27,90.56490325927734
2019-03-28,90.57322692871094
2019-03-29,90.56490325927734
2019-04-01,90.15039825439453
2019-04-02,90.25030517578125
2019-04-03,90.08384704589844
2019-04-04,90.15039825439453
2019-04-05,90.21700286865234
2019-04-08,90.17538452148438
2019-04-09,90.22532653808594
2019-04-10,90.40013122558594
2019-04-11,90.29190826416016
2019-04-12,90.11712646484375
2019-04-15,90.10047149658203
2019-04-16,89.94231414794922
2019-04-17,89.93400573730469
2019-04-18,90.05052185058594
2019-04-22,89.94231414794922
2019-04-23,90.10047149658203
2019-04-24,90.3085708618164
2019-04-25,90.30020904541016
2019-04-26,90.48333740234375
2019-04-29,90.3251724243164
2019-04-30,90.38343811035156
2019-05-01,90.44186401367188
2019-05-02,90.24158477783203
2019-05-03,90.39180755615234
2019-05-06,90.50862121582031
2019-05-07,90.61709594726562
2019-05-08,90.60037231445312
2019-05-09,90.65045166015625
2019-05-10,90.6671142578125
2019-05-13,90.81732177734375
2019-05-14,90.89241027832031
2019-05-15,91.05094909667969
2019-05-16,90.94247436523438
2019-05-17,90.96749877929688
2019-05-20,90.84236145019531
2019-05-21,90.83399200439453
2019-05-22,90.98419189453125
2019-05-23,91.25116729736328
2019-05-24,91.2845458984375
2019-05-28,91.41804504394531
2019-05-29,91.44306182861328
2019-05-30,91.68498992919922
2019-05-31,92.11052703857422
2019-06-03,92.32801055908203
2019-06-04,92.24435424804688
2019-06-05,92.1941909790039
2019-06-06,92.17742919921875
2019-06-07,92.43669128417969
2019-06-10,92.1941909790039
2019-06-11,92.17742919921875
2019-06-12,92.29451751708984
2019-06-13,92.49519348144531
2019-06-14,92.47014617919922
2019-06-17,92.44509887695312
2019-06-18,92.69593811035156
2019-06-19,93.01374816894531
2019-06-20,93.17263793945312
2019-06-21,92.93012237548828
2019-06-24,93.09738159179688
2019-06-25,93.11412811279297
2019-06-26,92.90506744384766
2019-06-27,93.16427612304688
2019-06-28,93.12246704101562
2019-07-01,93.19119262695312
2019-07-02,93.35887145996094
2019-07-03,93.50975036621094
2019-07-05,93.11578369140625
2019-07-08,93.06547546386719
2019-07-09,93.04032135009766
2019-07-10,93.1073989868164
2019-07-11,92.76374816894531
2019-07-12,92.86431884765625
2019-07-15,92.99845123291016
2019-07-16,92.89785766601562
2019-07-17,93.14092254638672
2019-07-18,93.29175567626953
2019-07-19,93.18280029296875
2019-07-22,93.30016326904297
2019-07-23,93.20793151855469
2019-07-24,93.34210968017578
2019-07-25,93.19960021972656
2019-07-26,93.2163314819336
2019-07-29,93.25826263427734
2019-07-30,93.24986267089844
2019-07-31,93.29175567626953
2019-08-01,94.02278900146484
2019-08-02,94.05633544921875
2019-08-05,94.46800994873047
2019-08-06,94.72005462646484
2019-08-07,94.66964721679688
2019-08-08,94.76209259033203
2019-08-09,94.63605499267578
2019-08-12,94.9804916381836
2019-08-13,94.84608459472656
2019-08-14,95.14012908935547
2019-08-15,95.5770263671875
2019-08-16,95.50140380859375
2019-08-19,95.24933624267578
2019-08-20,95.50984191894531
2019-08-21,95.45939636230469
2019-08-22,95.20732879638672
2019-08-23,95.59382629394531
2019-08-26,95.55181884765625
2019-08-27,95.85427856445312
2019-08-28,95.86270904541016
2019-08-29,95.80387878417969
2019-08-30,95.88788604736328
2019-09-03,95.86514282226562
2019-09-04,96.0335693359375
2019-09-05,95.62095642089844
2019-09-06,95.72199249267578
2019-09-09,95.31780242919922
2019-09-10,94.80409240722656
2019-09-11,94.82093048095703
2019-09-12,94.6693344116211
2019-09-13,94.10514831542969
2019-09-16,94.35777282714844
2019-09-17,94.50093841552734
2019-09-18,94.61039733886719
2019-09-19,94.74515533447266
2019-09-20,95.09041595458984
2019-09-23,95.13253784179688
2019-09-24,95.39359283447266
2019-09-25,94.9977798461914
2019-09-26,95.15776824951172
2019-09-27,95.27566528320312
2019-09-30,95.30094146728516
2019-10-01,95.47394561767578
2019-10-02,95.54150390625
2019-10-03,95.91280364990234
2019-10-04,96.06476593017578
2019-10-07,95.80307006835938
2019-10-08,95.8369140625
2019-10-09,95.78623962402344
2019-10-10,95.45708465576172
2019-10-11,95.1447982788086
2019-10-14,95.30517578125
2019-10-15,94.9928970336914
2019-10-16,95.16167449951172
2019-10-17,95.13636779785156
2019-10-18,95.2038803100586
2019-10-21,94.94221496582031
2019-10-22,95.08573150634766
2019-10-23,95.16167449951172
2019-10-24,95.18700408935547
2019-10-25,95.05194091796875
2019-10-28,94.84941864013672
2019-10-29,94.85786437988281
2019-10-30,95.1279296875
2019-10-31,95.49927520751953
2019-11-01,95.5255126953125
2019-11-04,95.28865814208984
2019-11-05,94.93334197998047
2019-11-06,95.07718658447266
2019-11-07,94.62887573242188
2019-11-08,94.578125
2019-11-11,94.59505462646484
2019-11-12,94.69654846191406
2019-11-13,94.86571502685547
2019-11-14,95.13640594482422
2019-11-15,95.08564758300781
2019-11-18,95.2632827758789
2019-11-19,95.33094787597656
2019-11-20,95.55933380126953
2019-11-21,95.42395782470703
2019-11-22,95.47471618652344
2019-11-25,95.56780242919922
2019-11-26,95.70315551757812
2019-11-27,95.5846939086914
2019-11-29,95.46631622314453
2019-12-02,95.36114501953125
2019-12-03,95.79350280761719
2019-12-04,95.6324234008789
2019-12-05,95.5222396850586
2019-12-06,95.38661193847656
2019-12-09,95.43746948242188
2019-12-10,95.40355682373047
2019-12-11,95.6578598022461
2019-12-12,95.25096130371094
2019-12-13,95.6324234008789
2019-12-16,95.43746948242188
2019-12-17,95.44591522216797
2019-12-18,95.25945281982422
2019-12-19,95.36221313476562
2019-12-20,95.37916564941406
2019-12-23,95.31127166748047
2019-12-24,95.43016052246094
2019-12-26,95.5150375366211
2019-12-27,95.64240264892578
2019-12-30,95.64240264892578
2019-12-31,95.4216537475586
2020-01-02,95.68488311767578
2020-01-03,95.96510314941406
2020-01-06,95.88867950439453
2020-01-07,95.7867660522461
2020-01-08,95.6763687133789
2020-01-09,95.77831268310547
2020-01-10,95.93964385986328
2020-01-13,95.88017272949219
2020-01-14,95.96510314941406
2020-01-15,96.10944366455078
2020-01-16,96.10944366455078
2020-01-17,95.99906921386719
2020-01-21,96.27082061767578
2020-01-22,96.32176208496094
2020-01-23,96.44914245605469
2020-01-24,96.62744903564453
2020-01-27,96.92469787597656
2020-01-28,96.83975219726562
2020-01-29,97.060546875
2020-01-30,97.06903076171875
2020-01-31,97.35774993896484
2020-02-03,97.32623291015625
2020-02-04,97.00288391113281
2020-02-05,96.85826110839844
2020-02-06,96.91780090332031
2020-02-07,97.19862365722656
2020-02-10,97.30924987792969
2020-02-11,97.19011688232422
2020-02-12,97.08796691894531
2020-02-13,97.15608978271484
2020-02-14,97.2582015991211
2020-02-18,97.38584899902344
2020-02-19,97.36029815673828
2020-02-20,97.58155059814453
2020-02-21,97.77731323242188
2020-02-24,98.09215545654297
2020-02-25,98.2623062133789
2020-02-26,98.16022491455078
2020-02-27,98.1772689819336
2020-02-28,98.90058135986328
2020-03-02,98.86561584472656
2020-03-03,99.53924560546875
2020-03-04,99.4625015258789
2020-03-05,99.76948547363281
2020-03-06,100.50285339355469
2020-03-09,100.37493896484375
2020-03-10,99.24082946777344
2020-03-11,97.82527923583984
2020-03-12,93.91126251220703
2020-03-13,95.38646697998047
2020-03-16,96.9810562133789
2020-03-17,94.47402954101562
2020-03-18,90.87552642822266
2020-03-19,92.90499114990234
2020-03-20,93.82598876953125
2020-03-23,96.05162048339844
2020-03-24,96.84464263916016
2020-03-25,97.83381652832031
2020-03-26,98.13227081298828
2020-03-27,98.55010223388672
2020-03-30,98.64389038085938
2020-03-31,98.37957763671875
2020-04-01,98.04542541503906
2020-04-02,98.19072723388672
2020-04-03,98.25904846191406
2020-04-06,98.73760986328125
2020-04-07,98.87435913085938
2020-04-08,98.96837615966797
2020-04-09,100.1989517211914
2020-04-13,99.72891998291016
2020-04-14,99.78022003173828
2020-04-15,100.19035339355469
2020-04-16,100.3185806274414
2020-04-17,100.1989517211914
2020-04-20,100.05366516113281
2020-04-21,100.10494995117188
2020-04-22,100.10494995117188
2020-04-23,100.34422302246094
2020-04-24,100.29296875
2020-04-27,99.83147430419922
2020-04-28,100.2245864868164
2020-04-29,100.29296875
2020-04-30,100.0707778930664
2020-05-01,100.07589721679688
2020-05-04,100.16152954101562
2020-05-05,100.08446502685547
2020-05-06,99.6819839477539
2020-05-07,99.9902572631836
2020-05-08,99.72484588623047
2020-05-11,99.42510986328125
2020-05-12,99.6819839477539
2020-05-13,99.8447036743164
2020-05-14,100.15294647216797
2020-05-15,100.21289825439453
2020-05-18,100.0673599243164
2020-05-19,100.17863464355469
2020-05-20,100.4355239868164
2020-05-21,100.51261138916016
2020-05-22,100.5639877319336
2020-05-26,100.40129852294922
2020-05-27,100.54686737060547
2020-05-28,100.47836303710938
2020-05-29,100.74380493164062
2020-06-01,100.68718719482422
2020-06-02,100.77299499511719
2020-06-03,100.52421569824219
2020-06-04,100.22393798828125
2020-06-05,100.28400421142578
2020-06-08,100.39550018310547
2020-06-09,100.52421569824219
2020-06-10,100.93596649169922
2020-06-11,100.76441955566406
2020-06-12,100.86734008789062
2020-06-15,101.20191192626953
2020-06-16,101.00459289550781
2020-06-17,100.9188003540039
2020-06-18,101.02175903320312
2020-06-19,101.05608367919922
2020-06-22,101.03032684326172
2020-06-23,101.01318359375
2020-06-24,100.99602508544922
2020-06-25,101.11611938476562
2020-06-26,101.23622131347656
2020-06-29,101.32202911376953
2020-06-30,101.40779876708984
2020-07-01,101.46195220947266
2020-07-02,101.58226776123047
2020-07-06,101.57366943359375
2020-07-07,101.7284164428711
2020-07-08,101.69402313232422
2020-07-09,101.96044158935547
2020-07-10,101.84011840820312
2020-07-13,101.83154296875
2020-07-14,101.99482727050781
2020-07-15,102.00343322753906
2020-07-16,102.07218170166016
2020-07-17,102.17532348632812
2020-07-20,102.28701782226562
2020-07-21,102.34722900390625
2020-07-22,102.43315887451172
2020-07-23,102.55347442626953
2020-07-24,102.51911163330078
2020-07-27,102.45033264160156
2020-07-28,102.51911163330078
2020-07-29,102.63941955566406
2020-07-30,102.71678161621094
2020-07-31,102.7597427368164
2020-08-03,102.80023193359375
2020-08-04,102.99825286865234
2020-08-05,102.80023193359375
2020-08-06,102.94660186767578
2020-08-07,102.82604217529297
2020-08-10,102.7313232421875
2020-08-11,102.44719696044922
2020-08-12,102.24060821533203
2020-08-13,101.86178588867188
2020-08-14,101.76704406738281
2020-08-17,101.9048080444336
2020-08-18,102.0511703491211
2020-08-19,101.89623260498047
2020-08-20,102.07701873779297
2020-08-21,102.18032836914062
2020-08-24,102.13728332519531
2020-08-25,101.92200469970703
2020-08-26,101.9048080444336
2020-08-27,101.5517807006836
2020-08-28,101.6895523071289
2020-08-31,101.91342163085938
2020-09-01,102.12467956542969
2020-09-02,102.3316879272461
2020-09-03,102.3575668334961
2020-09-04,101.8487548828125
2020-09-08,101.96086120605469
2020-09-09,101.95223999023438
2020-09-10,101.96086120605469
2020-09-11,102.08158874511719
2020-09-14,102.09017181396484
2020-09-15,102.09882354736328
2020-09-16,102.04706573486328
2020-09-17,102.07298278808594
2020-09-18,101.95223999023438
2020-09-21,101.96946716308594
2020-09-22,102.04706573486328
2020-09-23,101.83151245117188
2020-09-24,101.84011840820312
2020-09-25,101.87462615966797
2020-09-28,101.96086120605469
2020-09-29,101.97811889648438
2020-09-30,101.81425476074219
2020-10-01,101.95417022705078
2020-10-02,101.85053253173828
2020-10-05,101.52226257324219
2020-10-06,101.60862731933594
2020-10-07,101.53953552246094
2020-10-08,101.66910552978516
2020-10-09,101.69507598876953
2020-10-12,101.89371490478516
2020-10-13,101.91966247558594
2020-10-14,101.9800796508789
2020-10-15,101.89371490478516
2020-10-16,101.84188842773438
2020-10-19,101.72093963623047
2020-10-20,101.63456726074219
2020-10-21,101.51362609863281
2020-10-22,101.33219909667969
2020-10-23,101.47906494140625
2020-10-26,101.61727142333984
2020-10-27,101.85053253173828
2020-10-28,101.70366668701172
2020-10-29,101.52226257324219
2020-10-30,101.24578857421875
2020-11-02,101.42927551269531
2020-11-03,101.38599395751953
2020-11-04,102.0609130859375
2020-11-05,102.15608978271484
2020-11-06,101.9311294555664
2020-11-09,101.45523071289062
2020-11-10,101.29080200195312
2020-11-11,101.35139465332031
2020-11-12,101.7753677368164
2020-11-13,101.79267120361328
2020-11-16,101.78401947021484
2020-11-17,101.99171447753906
2020-11-18,102.0609130859375
2020-11-19,102.25131225585938
2020-11-20,102.35513305664062
2020-11-23,102.32914733886719
2020-11-24,102.19071197509766
2020-11-25,102.15608978271484
2020-11-27,102.32914733886719
2020-11-30,102.46758270263672
2020-12-01,102.14341735839844
2020-12-02,102.03075408935547
2020-12-03,102.20408630371094
2020-12-04,101.92674255371094
2020-12-07,102.08277130126953
2020-12-08,102.09140014648438
2020-12-09,101.94408416748047
2020-12-10,102.1954345703125
2020-12-11,102.30810546875
2020-12-14,102.24742126464844
2020-12-15,102.30810546875
2020-12-16,102.26480102539062
2020-12-17,102.26043701171875
2020-12-18,102.20838165283203
2020-12-21,102.20838165283203
2020-12-22,102.3558578491211
2020-12-23,102.2864761352539
2020-12-24,102.3819351196289
2020-12-28,102.39925384521484
2020-12-29,102.41661071777344
2020-12-30,102.47737884521484
2020-12-31,102.55545806884766
2021-01-04,102.42530059814453
2021-01-05,102.32117462158203
2021-01-06,101.81790161132812
2021-01-07,101.71379089355469
2021-01-08,101.59228515625
2021-01-11,101.42744445800781
2021-01-12,101.5141830444336
2021-01-13,101.83526611328125
2021-01-14,101.63568115234375
2021-01-15,101.73980712890625
2021-01-19,101.87861633300781
2021-01-20,101.88732147216797
2021-01-21,101.73980712890625
2021-01-22,101.73980712890625
2021-01-25,102.0001220703125
2021-01-26,101.96541595458984
2021-01-27,101.9740982055664
2021-01-28,101.90467834472656
2021-01-29,101.79185485839844
2021-02-01,101.88923645019531
2021-02-02,101.7327651977539
2021-02-03,101.61107635498047
2021-02-04,101.567626953125
2021-02-05,101.43724060058594
2021-02-08,101.54155731201172
2021-02-09,101.58502197265625
2021-02-10,101.68061065673828
2021-02-11,101.55892181396484
2021-02-12,101.32426452636719
2021-02-16,100.84628295898438
2021-02-17,101.04613494873047
2021-02-18,100.9939956665039
2021-02-19,100.68109893798828
2021-02-22,100.36822509765625
2021-02-23,100.39430236816406
2021-02-24,100.35952758789062
2021-02-25,99.43824768066406
2021-02-26,100.24652862548828
2021-03-01,100.19428253173828
2021-03-02,100.21172332763672
2021-03-03,99.84608459472656
2021-03-04,99.55876922607422
2021-03-05,99.48912048339844
2021-03-08,99.09739685058594
2021-03-09,99.47173309326172
2021-03-10,99.63713073730469
2021-03-11,99.6284408569336
2021-03-12,99.06256103515625
2021-03-15,99.16703033447266
2021-03-16,99.13220977783203
2021-03-17,99.12349700927734
2021-03-18,98.7404556274414
2021-03-19,98.81879425048828
2021-03-22,99.01032257080078
2021-03-23,99.26274871826172
2021-03-24,99.3846664428711
2021-03-25,99.33245086669922
2021-03-26,99.16703033447266
2021-03-29,99.00164794921875
2021-03-30,99.07997131347656
2021-03-31,99.09739685058594
2021-04-01,99.43045806884766
2021-04-05,99.22991943359375
2021-04-06,99.57867431640625
2021-04-07,99.42170715332031
2021-04-08,99.66587829589844
2021-04-09,99.5525131225586
2021-04-12,99.52635955810547
2021-04-13,99.81407928466797
2021-04-14,99.73561096191406
2021-04-15,100.1279525756836
2021-04-16,99.86638641357422
2021-04-19,99.78791046142578
2021-04-20,99.94486236572266
2021-04-21,100.040771484375
2021-04-22,100.06693267822266
2021-04-23,100.04948425292969
2021-04-26,99.9622802734375
2021-04-27,99.7181396484375
2021-04-28,99.77051544189453
2021-04-29,99.7181396484375
2021-04-30,99.82279968261719
2021-05-03,99.88654327392578
2021-05-04,100.0087890625
2021-05-05,100.08739471435547
2021-05-06,100.10485076904297
2021-05-07,100.07864379882812
2021-05-10,99.92147064208984
2021-05-11,99.70315551757812
2021-05-12,99.35387420654297
2021-05-13,99.5809555053711
2021-05-14,99.80794525146484
2021-05-17,99.7206039428711
2021-05-18,99.59838104248047
2021-05-19,99.45864868164062
2021-05-20,99.79920959472656
2021-05-21,99.84288787841797
2021-05-24,99.93891906738281
2021-05-25,100.1834487915039
2021-05-26,100.14851379394531
2021-05-27,100.02627563476562
2021-05-28,100.02627563476562
2021-06-01,99.97990417480469
2021-06-02,100.1110610961914
2021-06-03,99.87496185302734
2021-06-04,100.28597259521484
2021-06-07,100.21601867675781
2021-06-08,100.39965057373047
2021-06-09,100.60079193115234
2021-06-10,100.8106689453125
2021-06-11,100.76692199707031
2021-06-14,100.51333618164062
2021-06-15,100.55706024169922
2021-06-16,100.23348999023438
2021-06-17,100.5483169555664
2021-06-18,100.81940460205078
2021-06-21,100.55706024169922
2021-06-22,100.66199493408203
2021-06-23,100.6095199584961
2021-06-24,100.64448547363281
2021-06-25,100.44338989257812
2021-06-28,100.73194885253906
2021-06-29,100.7844467163086
2021-06-30,100.85442352294922
2021-07-01,100.79834747314453
2021-07-02,101.01725769042969
2021-07-06,101.34127807617188
2021-07-07,101.51639556884766
2021-07-08,101.63025665283203
2021-07-09,101.29747772216797
2021-07-12,101.2361831665039
2021-07-13,101.01725769042969
2021-07-14,101.35877227783203
2021-07-15,101.57767486572266
2021-07-16,101.49014282226562
2021-07-19,102.02430725097656
2021-07-20,101.92798614501953
2021-07-21,101.59523010253906
2021-07-22,101.83164978027344
2021-07-23,101.76156616210938
2021-07-26,101.67402648925781
2021-07-27,101.91046142578125
2021-07-28,102.00678253173828
2021-07-29,101.8404312133789
2021-07-30,101.9804916381836
2021-08-02,102.19710540771484
2021-08-03,102.23221588134766
2021-08-04,102.2234115600586
2021-08-05,101.99543762207031
2021-08-06,101.53939819335938
2021-08-09,101.3552474975586
2021-08-10,101.22370147705078
2021-08-11,101.32018280029297
2021-08-12,101.32892608642578
2021-08-13,101.6972427368164
2021-08-16,101.74989318847656
2021-08-17,101.67093658447266
2021-08-18,101.67971801757812
2021-08-19,101.85511016845703
2021-08-20,101.86386108398438
2021-08-23,101.86386108398438
2021-08-24,101.71478271484375
2021-08-25,101.5218734741211
2021-08-26,101.53063201904297
2021-08-27,101.811279296875
2021-08-30,101.92526245117188
2021-08-31,101.77620697021484
2021-09-01,101.80867004394531
2021-09-02,101.9140853881836
2021-09-03,101.7384033203125
2021-09-07,101.46617126464844
2021-09-08,101.63304901123047
2021-09-09,101.95796966552734
2021-09-10,101.75599670410156
2021-09-13,101.88772583007812
2021-09-14,102.11605072021484
2021-09-15,102.01945495605469
2021-09-16,101.84382629394531
2021-09-17,101.75599670410156
2021-09-20,101.94917297363281
2021-09-21,101.99308013916016
2021-09-22,102.02822875976562
2021-09-23,101.52767181396484
2021-09-24,101.35203552246094
2021-09-27,101.21150207519531
2021-09-28,100.78995513916016
2021-09-29,100.86021423339844
2021-09-30,100.8426742553711
2021-10-01,101.15050506591797
2021-10-04,101.08015441894531
2021-10-05,100.84265899658203
2021-10-06,100.88665008544922
2021-10-07,100.60517883300781
2021-10-08,100.38529205322266
2021-10-11,100.22695922851562
2021-10-12,100.59638214111328
2021-10-13,100.82508850097656
2021-10-14,101.01856231689453
2021-10-15,100.77230834960938
2021-10-18,100.70193481445312
2021-10-19,100.41170501708984
2021-10-20,100.34130859375
2021-10-21,100.13018798828125
2021-10-22,100.32369995117188
2021-10-25,100.42047882080078
2021-10-26,100.60517883300781
2021-10-27,100.93940734863281
2021-10-28,100.8602294921875
2021-10-29,100.8338623046875
2021-11-01,100.7721939086914
2021-11-02,100.97480010986328
2021-11-03,100.7721939086914
2021-11-04,101.10694885253906
2021-11-05,101.50338745117188
2021-11-08,101.3183822631836
2021-11-09,101.60032653808594
2021-11-10,100.91315460205078
2021-11-11,100.72815704345703
2021-11-12,100.71051025390625
2021-11-15,100.3405532836914
2021-11-16,100.30531311035156
2021-11-17,100.54315185546875
2021-11-18,100.6312484741211
2021-11-19,100.82505798339844
2021-11-22,100.3405532836914
2021-11-23,99.944091796875
2021-11-24,100.17315673828125
2021-11-26,100.88672637939453
2021-11-29,100.9395751953125
2021-11-30,101.10694885253906
2021-12-01,101.1263427734375
2021-12-02,101.1087417602539
2021-12-03,101.5145263671875
2021-12-06,101.1616439819336
2021-12-07,101.00287628173828
2021-12-08,100.7381820678711
2021-12-09,100.74702453613281
2021-12-10,100.77349853515625
2021-12-13,101.1263427734375
2021-12-14,100.93230438232422
2021-12-15,100.8528823852539
2021-12-16,100.99153900146484
2021-12-17,101.11516571044922
2021-12-20,100.96503448486328
2021-12-21,100.88558959960938
2021-12-22,100.97388458251953
2021-12-23,100.85023498535156
2021-12-27,100.90324401855469
2021-12-28,100.85908508300781
2021-12-29,100.55885314941406
2021-12-30,100.77959442138672
2021-12-31,100.74427795410156
2022-01-03,100.05546569824219
2022-01-04,100.04662322998047
2022-01-05,99.737548828125
2022-01-06,99.63158416748047
2022-01-07,99.34011840820312
2022-01-10,99.25182342529297
2022-01-11,99.4372787475586
2022-01-12,99.4372787475586
2022-01-13,99.61389923095703
2022-01-14,99.05754852294922
2022-01-18,98.45703125
2022-01-19,98.66900634765625
2022-01-20,98.7219467163086
2022-01-21,99.11054229736328
2022-01-24,98.99571990966797
2022-01-25,98.89856719970703
2022-01-26,98.34221649169922
2022-01-27,98.66900634765625
2022-01-28,98.7396011352539
2022-01-31,98.7308120727539
2022-02-01,98.69630432128906
2022-02-02,98.80242919921875
2022-02-03,98.40443420410156
2022-02-04,97.78540802001953
2022-02-07,97.87383270263672
2022-02-08,97.57313537597656
2022-02-09,97.63504028320312
2022-02-10,96.73299407958984
2022-02-11,97.36972045898438
2022-02-14,96.80375671386719
2022-02-15,96.6445541381836
2022-02-16,96.759521484375
2022-02-17,96.96294403076172
2022-02-18,97.16634368896484
2022-02-22,97.06019592285156
2022-02-23,96.62684631347656
2022-02-24,96.80375671386719
2022-02-25,96.90103912353516
2022-02-28,97.59967803955078
2022-03-01,98.14967346191406
2022-03-02,96.97174072265625
2022-03-03,97.29943084716797
2022-03-04,97.68911743164062
2022-03-07,97.12230682373047
2022-03-08,96.7768783569336
2022-03-09,96.57319641113281
2022-03-10,96.03294372558594
2022-03-11,96.01522064208984
2022-03-14,95.08529663085938
2022-03-15,95.29780578613281
2022-03-16,95.36868286132812
2022-03-17,95.52809143066406
2022-03-18,95.74066925048828
2022-03-21,94.80187225341797
2022-03-22,94.5450210571289
2022-03-23,94.93470764160156
2022-03-24,94.72212982177734
2022-03-25,93.96931457519531
2022-03-28,94.19960021972656
2022-03-29,94.6424331665039
2022-03-30,94.8992919921875
2022-03-31,94.8550033569336
2022-04-01,94.68648529052734
2022-04-04,94.76628875732422
2022-04-05,93.80834197998047
2022-04-06,93.56886291503906
2022-04-07,93.36485290527344
2022-04-08,92.8947525024414
2022-04-11,92.49559783935547
2022-04-12,92.78831481933594
2022-04-13,92.97455596923828
2022-04-14,92.22064208984375
2022-04-18,91.93679809570312
2022-04-19,91.37797546386719
2022-04-20,91.90130615234375
2022-04-21,91.39573669433594
2022-04-22,91.30699920654297
2022-04-25,91.91905212402344
2022-04-26,92.2029037475586
2022-04-27,91.83036041259766
2022-04-28,91.79487609863281
2022-04-29,91.24493408203125
2022-05-02,90.74822235107422
2022-05-03,90.95259857177734
2022-05-04,91.5390625
2022-05-05,90.63272857666016
2022-05-06,90.25066375732422
2022-05-09,90.6949234008789
2022-05-10,90.97037506103516
2022-05-11,91.30803680419922
2022-05-12,91.47683715820312
2022-05-13,91.08587646484375
2022-05-16,91.29026794433594
2022-05-17,90.79267883300781
2022-05-18,91.15697479248047
2022-05-19,91.38798522949219
2022-05-20,91.6634521484375
2022-05-23,91.36134338378906
2022-05-24,92.06327819824219
2022-05-25,92.44537353515625
2022-05-26,92.3742904663086
2022-05-27,92.52535247802734
2022-05-31,91.93891143798828
2022-06-01,91.56149291992188
2022-06-02,91.67715454101562
2022-06-03,91.52586364746094
2022-06-06,90.96508026123047
2022-06-07,91.31221771240234
2022-06-08,90.9383544921875
2022-06-09,90.8404541015625
2022-06-10,90.13721466064453
2022-06-13,88.65956115722656
2022-06-14,88.13438415527344
2022-06-15,89.11356353759766
2022-06-16,89.32717895507812
2022-06-17,89.3182601928711
2022-06-21,88.96220397949219
2022-06-22,89.7188491821289
2022-06-23,90.09272003173828
2022-06-24,89.95028686523438
2022-06-27,89.54971313476562
2022-06-28,89.58531951904297
2022-06-29,90.10162353515625
2022-06-30,90.51110076904297
2022-07-01,91.2655258178711
2022-07-05,91.43498229980469
2022-07-06,90.81962585449219
2022-07-07,90.61454772949219
2022-07-08,90.27567291259766
2022-07-11,90.6948013305664
2022-07-12,90.81962585449219
2022-07-13,91.14962005615234
2022-07-14,90.82855987548828
2022-07-15,91.18531036376953
2022-07-18,90.8909912109375
2022-07-19,90.76615142822266
2022-07-20,90.70368957519531
2022-07-21,91.46173858642578
2022-07-22,92.17515563964844
2022-07-25,91.83628845214844
2022-07-26,91.81842803955078
2022-07-27,92.13948059082031
2022-07-28,92.7994155883789
2022-07-29,92.80834197998047
2022-08-01,93.12998962402344
2022-08-02,92.17394256591797
2022-08-03,92.58494567871094
2022-08-04,92.80833435058594
2022-08-05,91.77188110351562
2022-08-08,92.19182586669922
2022-08-09,91.9863052368164
2022-08-10,92.2186279296875
2022-08-11,91.72720336914062
2022-08-12,92.13821411132812
2022-08-15,92.25435638427734
2022-08-16,92.12033081054688
2022-08-17,91.57528686523438
2022-08-18,91.77188110351562
2022-08-19,91.12854766845703
2022-08-22,90.73540496826172
2022-08-23,90.69965362548828
2022-08-24,90.45841217041016
2022-08-25,90.95877075195312
2022-08-26,90.78900146484375
2022-08-29,90.3512191772461
2022-08-30,90.46735382080078
2022-08-31,89.9848403930664
2022-09-01,89.59449005126953
2022-09-02,89.85415649414062
2022-09-06,89.01251983642578
2022-09-07,89.63031005859375
2022-09-08,89.34382629394531
2022-09-09,89.33485412597656
2022-09-12,89.2005615234375
2022-09-13,88.69916534423828
2022-09-14,88.81556701660156
2022-09-15,88.54695892333984
2022-09-16,88.48432159423828
2022-09-19,88.3499984741211
2022-09-20,87.95609283447266
2022-09-21,88.23360443115234
2022-09-22,87.29354095458984
2022-09-23,87.02495574951172
2022-09-26,85.9057846069336
2022-09-27,85.5386962890625
2022-09-28,86.9175033569336
2022-09-29,86.46088409423828
2022-09-30,86.25495147705078
2022-10-03,86.95574188232422
2022-10-04,87.18902587890625
2022-10-05,86.73140716552734
2022-10-06,86.39045715332031
2022-10-07,85.93284606933594
2022-10-10,85.54698181152344
2022-10-11,85.60084533691406
2022-10-12,85.67263793945312
2022-10-13,85.4034423828125
2022-10-14,84.93685150146484
2022-10-17,85.11629486083984
2022-10-18,85.25987243652344
2022-10-19,84.52410888671875
2022-10-20,84.01264190673828
2022-10-21,84.13826751708984
2022-10-24,84.02162170410156
2022-10-25,84.84711456298828
2022-10-26,85.22396850585938
2022-10-27,85.6546859741211
2022-10-28,85.43932342529297
2022-10-31,85.15219116210938
2022-11-01,85.31048583984375
2022-11-02,85.16658782958984
2022-11-03,84.85182189941406
2022-11-04,84.84284210205078
2022-11-07,84.57303619384766
2022-11-08,84.93275451660156
2022-11-09,85.03167724609375
2022-11-10,86.85733795166016
2022-11-11,86.79434967041016
2022-11-14,86.55154418945312
2022-11-15,87.1900634765625
2022-11-16,87.72966766357422
2022-11-17,87.36095428466797
2022-11-18,87.23504638671875
2022-11-21,87.18107604980469
2022-11-22,87.6307601928711
2022-11-23,88.15235900878906
2022-11-25,88.17036437988281
2022-11-28,88.02644348144531
2022-11-29,87.7116928100586
2022-11-30,88.39520263671875
2022-12-01,89.13072204589844
2022-12-02,89.50030517578125
2022-12-05,88.79720306396484
2022-12-06,89.0586166381836
2022-12-07,89.85185241699219
2022-12-08,89.58145141601562
2022-12-09,89.04959106445312
2022-12-12,89.06764221191406
2022-12-13,89.66256713867188
2022-12-14,89.86087036132812
2022-12-15,89.99279022216797
2022-12-16,89.75785827636719
2022-12-19,89.20677185058594
2022-12-20,88.60145568847656
2022-12-21,88.84536743164062
2022-12-22,88.8182601928711
2022-12-23,88.51111602783203
2022-12-27,87.8696517944336
2022-12-28,87.71607971191406
2022-12-29,88.04130554199219
2022-12-30,87.62574005126953
2023-01-03,88.14067840576172
2023-01-04,88.6285629272461
2023-01-05,88.55626678466797
2023-01-06,89.52298736572266
2023-01-09,89.74883270263672
2023-01-10,89.40555572509766
2023-01-11,89.95663452148438
2023-01-12,90.60711669921875
2023-01-13,90.27281951904297
2023-01-17,90.11018371582031
2023-01-18,91.004638671875
2023-01-19,90.79682922363281
2023-01-20,90.4264144897461
2023-01-23,90.20055389404297
2023-01-24,90.59807586669922
2023-01-25,90.70649719238281
2023-01-26,90.55290985107422
2023-01-27,90.4173812866211
2023-01-30,90.1734390258789
2023-01-31,90.54386138916016
2023-02-01,91.18238067626953
2023-02-02,91.28201293945312
2023-02-03,90.40349578857422
2023-02-06,89.9053726196289
2023-02-07,89.75141143798828
2023-02-08,89.8781967163086
2023-02-09,89.5250015258789
2023-02-10,89.13558197021484
2023-02-13,89.40726470947266
2023-02-14,89.09027099609375
2023-02-15,88.918212890625
2023-02-16,88.54685974121094
2023-02-17,88.75518035888672
2023-02-21,87.92196655273438
2023-02-22,88.1574478149414
2023-02-23,88.47442626953125
2023-02-24,87.96724700927734
2023-02-27,88.1393051147461
2023-02-28,88.13027954101562
2023-03-01,87.62549591064453
2023-03-02,87.4439468383789
2023-03-03,88.1338882446289
2023-03-06,87.9160385131836
2023-03-07,87.79801177978516
2023-03-08,87.70722961425781
2023-03-09,88.02495574951172
2023-03-10,89.05083465576172
2023-03-13,89.75896453857422
2023-03-14,89.23240661621094
2023-03-15,90.12210083007812
2023-03-16,89.76801300048828
2023-03-17,90.33087921142578
2023-03-20,89.96774291992188
2023-03-21,89.6954116821289
2023-03-22,90.5578384399414
2023-03-23,90.77572631835938
2023-03-24,90.93009948730469
2023-03-27,89.9496078491211
2023-03-28,89.81341552734375
2023-03-29,89.92237854003906
2023-03-30,90.02222442626953
2023-03-31,90.45799255371094
2023-04-03,90.85118865966797
2023-04-04,91.18795776367188
2023-04-05,91.49736785888672
2023-04-06,91.41547393798828
2023-04-10,90.78746795654297
2023-04-11,90.84207153320312
2023-04-12,90.9513168334961
2023-04-13,90.91490173339844
2023-04-14,90.46890258789062
2023-04-17,90.01383972167969
2023-04-18,90.14126586914062
2023-04-19,90.0047378540039
2023-04-20,90.41429901123047
2023-04-21,90.25955963134766
2023-04-24,90.61454772949219
2023-04-25,91.17882537841797
2023-04-26,90.84207153320312
2023-04-27,90.5144271850586
2023-04-28,90.97859191894531
2023-05-01,90.04702758789062
2023-05-02,90.92294311523438
2023-05-03,91.32440948486328
2023-05-04,91.21491241455078
2023-05-05,90.92294311523438
2023-05-08,90.4211196899414
2023-05-09,90.3390121459961
2023-05-10,90.92294311523438
2023-05-11,91.19667053222656
2023-05-12,90.68571472167969
2023-05-15,90.45760345458984
2023-05-16,90.24776458740234
2023-05-17,90.11088562011719
2023-05-18,89.69117736816406
2023-05-19,89.49046325683594
2023-05-22,89.40831756591797
2023-05-23,89.5086898803711
2023-05-24,89.28057861328125
2023-05-25,88.95211029052734
2023-05-26,89.02513122558594
2023-05-30,89.61817169189453
2023-05-31,89.93749237060547
2023-06-01,90.21012878417969
2023-06-02,89.73443603515625
2023-06-05,89.72528839111328
2023-06-06,89.83505249023438
2023-06-07,89.35935974121094
2023-06-08,89.83505249023438
2023-06-09,89.62464904785156
2023-06-12,89.78018951416016
2023-06-13,89.35935974121094
2023-06-14,89.44168853759766
2023-06-15,90.06375885009766
2023-06-16,89.78018951416016
2023-06-20,89.94483947753906
2023-06-21,90.09123229980469
2023-06-22,89.62464904785156
2023-06-23,89.88997650146484
2023-06-26,89.99971008300781
2023-06-27,89.82591247558594
2023-06-28,90.09123229980469
2023-06-29,89.39595794677734
2023-06-30,89.60636901855469
2023-07-03,89.50089263916016
2023-07-05,89.09732055664062
2023-07-06,88.51947021484375
2023-07-07,88.53779602050781
2023-07-10,88.78545379638672
2023-07-11,88.97808074951172
2023-07-12,89.70266723632812
2023-07-13,90.26216125488281
2023-07-14,89.8310775756836
2023-07-17,89.93197631835938
2023-07-18,90.00534057617188
2023-07-19,90.28050994873047
2023-07-20,89.81271362304688
2023-07-21,89.87692260742188
2023-07-24,89.71183776855469
2023-07-25,89.6109390258789
2023-07-26,89.90443420410156
2023-07-27,89.13398742675781
2023-07-28,89.48252868652344
2023-07-31,89.59259796142578
2023-08-01,88.9993896484375
2023-08-02,88.7878646850586
2023-08-03,88.1900405883789
2023-08-04,88.91661834716797
2023-08-07,88.93502044677734
2023-08-08,89.14656066894531
2023-08-09,89.21092987060547
2023-08-10,88.63152313232422
2023-08-11,88.3556137084961
2023-08-14,88.29121398925781
2023-08-15,88.05211639404297
2023-08-16,87.840576171875
2023-08-17,87.74859619140625
2023-08-18,87.94172668457031
2023-08-21,87.50027465820312
2023-08-22,87.59224700927734
2023-08-23,88.42916870117188
2023-08-24,88.22685241699219
2023-08-25,88.17166900634766
2023-08-28,88.36482238769531
2023-08-29,88.93502044677734
2023-08-30,88.89824676513672
2023-08-31,89.02698516845703
2023-09-01,88.5658950805664
2023-09-05,88.08635711669922
2023-09-06,88.00337982177734
2023-09-07,88.28002166748047
2023-09-08,88.32614135742188
2023-09-11,88.22470092773438
2023-09-12,88.25236511230469
2023-09-13,88.3814697265625
2023-09-14,88.2615966796875
2023-09-15,88.05870056152344
2023-09-18,88.18781280517578
2023-09-19,87.92961883544922
2023-09-20,87.88349151611328
2023-09-21,87.28407287597656
2023-09-22,87.65294647216797
2023-09-25,86.96131896972656
2023-09-26,86.85064697265625
2023-09-27,86.54632568359375
2023-09-28,86.8045425415039
2023-09-29,86.72152709960938
2023-10-02,86.11770629882812
2023-10-03,85.44268035888672
2023-10-04,86.04373168945312
2023-10-05,86.09923553466797
2023-10-06,85.76631927490234
2023-10-09,86.654052734375
2023-10-10,86.57083129882812
2023-10-11,86.96844482421875
2023-10-12,86.21942138671875
2023-10-13,86.58931732177734
2023-10-16,86.10845947265625
2023-10-17,85.48892211914062
2023-10-18,85.09127807617188
2023-10-19,84.76765441894531
2023-10-20,85.0727767944336
2023-10-23,85.40568542480469
2023-10-24,85.71085357666016
2023-10-25,85.0727767944336
2023-10-26,85.64611053466797
2023-10-27,85.61837005615234
2023-10-30,85.4149398803711
2023-10-31,85.35945129394531
2023-11-01,86.3027114868164
2023-11-02,86.82210540771484
2023-11-03,87.35075378417969
2023-11-06,86.91485595703125
2023-11-07,87.37858581542969
2023-11-08,87.6753921508789
2023-11-09,86.94268798828125
2023-11-10,87.14673614501953
2023-11-13,87.13744354248047
2023-11-14,88.23188018798828
2023-11-15,87.6846694946289
2023-11-16,88.1669692993164
2023-11-17,88.34317779541016
2023-11-20,88.48228454589844
2023-11-21,88.5750503540039
2023-11-22,88.65851593017578
2023-11-24,88.25043487548828
2023-11-27,88.75125885009766
2023-11-28,89.14083099365234
2023-11-29,89.57677459716797
2023-11-30,89.27992248535156
2023-12-01,90.06498718261719
2023-12-04,89.72081756591797
2023-12-05,90.31612396240234
2023-12-06,90.54866027832031
2023-12-07,90.57655334472656
2023-12-08,90.12079620361328
2023-12-11,90.13008880615234
2023-12-12,90.39983367919922
2023-12-13,91.53460693359375
2023-12-14,92.27335357666016
2023-12-15,92.05883026123047
2023-12-18,91.87225341796875
2023-12-19,91.98419952392578
2023-12-20,92.32000732421875
2023-12-21,92.3106918334961
2023-12-22,92.18943786621094
2023-12-26,92.37598419189453
2023-12-27,92.96366882324219
2023-12-28,92.7584228515625
2023-12-29,92.58119201660156
2024-01-02,92.14276885986328
2024-01-03,92.18943786621094
2024-01-04,91.81629943847656
2024-01-05,91.60173797607422
2024-01-08,91.94689178466797
2024-01-09,91.92823791503906
2024-01-10,91.75102233886719
2024-01-11,92.27335357666016
2024-01-12,92.4412841796875
2024-01-16,91.75102233886719
2024-01-17,91.4991683959961
2024-01-18,91.41517639160156
2024-01-19,91.43385314941406
2024-01-22,91.60173797607422
2024-01-23,91.37786865234375
2024-01-24,91.17264556884766
2024-01-25,91.58308410644531
2024-01-26,91.4804916381836
2024-01-29,91.84429168701172
2024-01-30,92.02149963378906
2024-01-31,92.4412841796875
2024-02-01,92.96802520751953
2024-02-02,92.11663818359375
2024-02-05,91.35883331298828
2024-02-06,91.83596801757812
2024-02-07,91.64884185791016
2024-02-08,91.36817932128906
2024-02-09,91.3401107788086
2024-02-12,91.35883331298828
2024-02-13,90.51683044433594
2024-02-14,90.91909790039062
2024-02-15,91.13428497314453
2024-02-16,90.8442611694336
2024-02-20,90.928466796875
2024-02-21,90.65713500976562
2024-02-22,90.73199462890625
2024-02-23,91.06880950927734
2024-02-26,90.87232971191406
2024-02-27,90.75069427490234
2024-02-28,90.928466796875
2024-02-29,91.07815551757812
2024-03-01,91.5154037475586
2024-03-04,91.29020690917969
2024-03-05,91.78752899169922
2024-03-06,91.92829132080078
2024-03-07,92.12532806396484
2024-03-08,92.20977783203125
2024-03-11,92.10657501220703
2024-03-12,91.87198638916016
2024-03-13,91.70309448242188
2024-03-14,91.12132263183594
2024-03-15,91.11192321777344
2024-03-18,91.01810455322266
2024-03-19,91.24329376220703
2024-03-20,91.43096923828125
2024-03-21,91.49666595458984
2024-03-22,91.78752899169922
2024-03-25,91.61864471435547
2024-03-26,91.71246337890625
2024-03-27,92.01272583007812
2024-03-28,91.9001235961914
2024-04-01,91.23193359375
2024-04-02,91.16606140136719
2024-04-03,91.22252655029297
2024-04-04,91.43897247314453
2024-04-05,90.98725891113281
2024-04-08,90.90254974365234
2024-04-09,91.21310424804688
2024-04-10,90.12142181396484
2024-04-11,90.14022064208984
2024-04-12,90.30965423583984
2024-04-15,89.76378631591797
2024-04-16,89.50971221923828
2024-04-17,89.92379760742188
2024-04-18,89.669677734375
2024-04-19,89.76378631591797
2024-04-22,89.82025909423828
2024-04-23,90.00846099853516
2024-04-24,89.773193359375
2024-04-25,89.51911926269531
2024-04-26,89.71673583984375
2024-04-29,89.98965454101562
2024-04-30,89.62265014648438
2024-05-01,89.9388656616211
2024-05-02,90.34479522705078
2024-05-03,90.80740356445312
2024-05-06,90.87348175048828
2024-05-07,91.06229400634766
2024-05-08,90.87348175048828
2024-05-09,91.04341125488281
2024-05-10,90.85460662841797
2024-05-13,90.90178680419922
2024-05-14,91.14724731445312
2024-05-15,91.75144958496094
2024-05-16,91.64759063720703
2024-05-17,91.35494995117188
2024-05-20,91.26997375488281
2024-05-21,91.43991088867188
2024-05-22,91.32659912109375
2024-05-23,91.07173156738281
2024-05-24,91.17557525634766
2024-05-28,90.75076293945312
2024-05-29,90.40145874023438
2024-05-30,90.8262710571289
2024-05-31,91.1189193725586
2024-06-03,91.67008209228516
2024-06-04,92.00154113769531
2024-06-05,92.28562927246094
2024-06-06,92.31405639648438
2024-06-07,91.49962615966797
2024-06-10,91.42385864257812
2024-06-11,91.73637390136719
2024-06-12,92.17202758789062
2024-06-13,92.63602447509766
2024-06-14,92.73072814941406
2024-06-17,92.39928436279297
2024-06-18,92.73072814941406
2024-06-20,92.56973266601562
2024-06-21,92.5792236328125
2024-06-24,92.65496063232422
2024-06-25,92.6455078125
2024-06-26,92.22880554199219
2024-06-27,92.3803482055664
2024-06-28,91.92578125
2024-07-01,91.43276977539062
2024-07-02,91.73674774169922
2024-07-03,92.23072052001953
2024-07-05,92.69619750976562
2024-07-08,92.72469329833984
2024-07-09,92.6391830444336
2024-07-10,92.73419952392578
2024-07-11,93.20917510986328
2024-07-12,93.46566009521484
2024-07-15,93.1426773071289
2024-07-16,93.52264404296875
2024-07-17,93.58914947509766
2024-07-18,93.33265686035156
2024-07-19,93.1426773071289
2024-07-22,93.10467529296875
2024-07-23,93.09516143798828
2024-07-24,92.8101806640625
2024-07-25,93.0666732788086
2024-07-26,93.39915466308594
2024-07-29,93.55116271972656
2024-07-30,93.64614868164062
2024-07-31,94.14962005615234
2024-08-01,94.54412078857422
2024-08-02,95.60179138183594
2024-08-05,95.52555847167969
2024-08-06,94.95384979248047
2024-08-07,94.66797637939453
2024-08-08,94.5250473022461
2024-08-09,94.8585433959961
2024-08-12,95.02053833007812
2024-08-13,95.40168762207031
2024-08-14,95.5732192993164
2024-08-15,95.17298889160156
2024-08-16,95.40168762207031
2024-08-19,95.50651550292969
2024-08-20,95.79237365722656
2024-08-21,95.97341918945312
2024-08-22,95.58273315429688
2024-08-23,96.02104949951172
2024-08-26,95.93529510498047
2024-08-27,95.96389770507812
2024-08-28,95.87814331054688
2024-08-29,95.7542724609375
2024-08-30,95.52555847167969
2024-09-03,95.92892456054688
2024-09-04,96.34950256347656
2024-09-05,96.5980224609375
2024-09-06,96.72228240966797
2024-09-09,96.86566162109375
2024-09-10,97.16197204589844
2024-09-11,97.13330841064453
2024-09-12,97.04725646972656
2024-09-13,97.24799346923828
2024-09-16,97.4773941040039
2024-09-17,97.3818130493164
2024-09-18,97.07595825195312
2024-09-19,97.08550262451172
2024-09-20,96.99949645996094
2024-09-23,96.96125030517578
2024-09-24,97.09505462646484
2024-09-25,96.72228240966797
2024-09-26,96.74140167236328
2024-09-27,97.01859283447266
2024-09-30,96.79875946044922
2024-10-01,97.05474090576172
2024-10-02,96.85340118408203
2024-10-03,96.46031188964844
2024-10-04,95.83712005615234
2024-10-07,95.51113891601562
2024-10-08,95.67414093017578
2024-10-09,95.42485809326172
2024-10-10,95.3673324584961
2024-10-11,95.3960952758789
2024-10-14,95.309814453125
2024-10-15,95.69332122802734
2024-10-16,95.81794738769531
2024-10-17,95.34815979003906
2024-10-18,95.4152603149414
2024-10-21,94.75373840332031
2024-10-22,94.77289581298828
2024-10-23,94.53321838378906
2024-10-24,94.71538543701172
2024-10-25,94.52363586425781
2024-10-28,94.3702392578125
2024-10-29,94.47569274902344
2024-10-30,94.37982940673828
2024-10-31,94.36064147949219
2024-11-01,93.98554992675781
2024-11-04,94.37987518310547
2024-11-05,94.60107421875
2024-11-06,93.8604965209961
2024-11-07,94.57223510742188
2024-11-08,94.7357406616211
2024-11-11,94.52413177490234
2024-11-12,93.97592163085938
2024-11-13,93.9566879272461
2024-11-14,93.91822052001953
2024-11-15,93.9278335571289
2024-11-18,94.014404296875
2024-11-19,94.1490478515625
2024-11-20,94.0528793334961
2024-11-21,94.00477600097656
2024-11-22,94.07209777832031
2024-11-25,94.91847229003906
2024-11-26,94.77420806884766
2024-11-27,95.03388977050781
2024-11-29,95.40897369384766
2024-12-02,95.42056274414062
2024-12-03,95.23725128173828
2024-12-04,95.54598236083984
2024-12-05,95.5652847290039
2024-12-06,95.83544158935547
2024-12-09,95.55563354492188
2024-12-10,95.43986511230469
2024-12-11,95.21795654296875
2024-12-12,94.83202362060547
2024-12-13,94.47503662109375
2024-12-16,94.56188201904297
2024-12-17,94.56188201904297
2024-12-18,93.84172821044922
2024-12-19,93.59973907470703
2024-12-20,93.85140228271484
2024-12-23,93.56101989746094
2024-12-24,93.66748809814453
2024-12-26,93.7352523803711
2024-12-27,93.54167175292969
2024-12-30,93.90946960449219
2024-12-31,93.7933349609375
2025-01-02,93.80299377441406
2025-01-03,93.70620727539062
2025-01-06,93.60942077636719
2025-01-07,93.28031921386719
2025-01-08,93.38680267333984
2025-01-10,92.86410522460938
2025-01-13,92.77699279785156
2025-01-14,92.80602264404297
2025-01-15,93.60942077636719
2025-01-16,93.81267547607422
2025-01-17,93.81267547607422
2025-01-21,94.12242126464844
2025-01-22,93.89978790283203
2025-01-23,93.74492645263672
2025-01-24,93.89978790283203
2025-01-27,94.42249298095703
2025-01-28,94.3934555053711
2025-01-29,94.33536529541016
2025-01-30,94.47088623046875
2025-01-31,94.27730560302734
2025-02-03,94.36663818359375
2025-02-04,94.54146575927734
2025-02-05,95.04644012451172
2025-02-06,94.9493408203125
2025-02-07,94.64827728271484
2025-02-10,94.67741394042969
2025-02-11,94.46375274658203
2025-02-12,93.96846008300781
2025-02-13,94.53173828125
2025-02-14,94.88135528564453
2025-02-18,94.50260162353516
2025-02-19,94.63856506347656
2025-02-20,94.78424072265625
2025-02-21,95.1921157836914
2025-02-24,95.35721588134766
2025-02-25,95.94960021972656
2025-02-26,96.1050033569336
2025-02-27,95.95932006835938
2025-02-28,96.38663482666016
2025-03-03,96.59510040283203
2025-03-04,96.35157012939453
2025-03-05,96.02035522460938
2025-03-06,95.92295837402344
2025-03-07,95.80604553222656
2025-03-10,96.26390075683594
2025-03-11,95.92295837402344
2025-03-12,95.64044189453125
2025-03-13,95.93268585205078
2025-03-14,95.73786926269531
2025-03-17,95.86449432373047
2025-03-18,95.96190643310547
2025-03-19,96.24440002441406
2025-03-20,96.3028564453125
2025-03-21,96.18597412109375
2025-03-24,95.81578826904297
2025-03-25,95.90345764160156
2025-03-26,95.669677734375
2025-03-27,95.6209716796875
2025-03-28,96.17623138427734
2025-03-31,96.36131286621094
2025-04-01,96.7180404663086
2025-04-02,96.61051940917969
2025-04-03,97.1187515258789
2025-04-04,97.20670318603516
2025-04-07,95.97525024414062
2025-04-08,95.476806640625
2025-04-09,95.69183349609375
2025-04-10,94.93926239013672
2025-04-11,94.84153747558594
2025-04-14,95.39862060546875
2025-04-15,95.59407806396484
2025-04-16,95.89706420898438
2025-04-17,95.65274047851562
2025-04-21,95.07609558105469
2025-04-22,95.25202178955078
2025-04-23,95.48657989501953
2025-04-24,96.01435852050781
2025-04-25,96.36619567871094
2025-04-28,96.63007354736328
2025-04-29,96.86463165283203
2025-04-30,96.77666473388672
2025-05-01,96.51292419433594
2025-05-02,96.04226684570312
2025-05-05,95.87557220458984
2025-05-06,96.11089324951172
2025-05-07,96.25797271728516
2025-05-08,95.75791931152344
2025-05-09,95.85596466064453
2025-05-12,95.53239440917969
2025-05-13,95.43434143066406
2025-05-14,95.15979766845703
2025-05-15,95.69908142089844
2025-05-16,95.75791931152344
2025-05-19,95.72850799560547
2025-05-20,95.56181335449219
2025-05-21,94.93427276611328
2025-05-22,95.20881652832031
2025-05-23,95.3460922241211
2025-05-27,95.77752685546875
2025-05-28,95.60102844238281
2025-05-29,95.95401763916016
2025-05-30,96.18934631347656
2025-06-02,95.93651580810547
2025-06-03,95.8676528930664
2025-06-04,96.438232421875
2025-06-05,96.19229125976562
2025-06-06,95.70040893554688
2025-06-09,95.81846618652344
2025-06-10,96.03489685058594
2025-06-11,96.35953521728516
2025-06-12,96.71369171142578
2025-06-13,96.36936950683594
2025-06-16,96.17261505126953
2025-06-17,96.46773529052734
2025-06-18,96.53661346435547
2025-06-20,96.62515258789062
2025-06-23,96.8218994140625
2025-06-24,97.21540832519531
2025-06-25,97.20555877685547
2025-06-26,97.47119903564453
2025-06-27,97.19574737548828
2025-06-30,97.5892333984375
2025-07-01,97.49942779541016
2025-07-02,97.38099670410156
2025-07-03,97.18360900878906
2025-07-07,96.83818817138672
2025-07-08,96.7987060546875
2025-07-09,97.20333862304688
2025-07-10,97.17373657226562
2025-07-11,96.76910400390625
2025-07-14,96.75922393798828
2025-07-15,96.47301483154297
2025-07-16,96.6111831665039
2025-07-17,96.6506576538086
2025-07-18,96.82831573486328
2025-07-21,97.09477233886719
2025-07-22,97.28229522705078
2025-07-23,97.06517791748047
2025-07-24,97.00596618652344
2025-07-25,97.16386413574219
2025-07-28,97.03556823730469
2025-07-29,97.55863952636719
2025-07-30,97.28229522705078
2025-07-31,97.33165740966797
2025-08-01,98.1733627319336
2025-08-04,98.2525863647461
2025-08-05,98.28228759765625
2025-08-06,98.24268341064453
2025-08-07,98.16345977783203
2025-08-08,97.97531127929688
2025-08-11,98.04463195800781
2025-08-12,98.04463195800781
2025-08-13,98.401123046875
2025-08-14,98.12384033203125
2025-08-15,97.97531127929688
2025-08-18,97.86638641357422
2025-08-19,98.05452728271484
2025-08-20,98.11395263671875
2025-08-21,97.88619232177734
2025-08-22,98.43083190917969
2025-08-25,98.28228759765625
2025-08-26,98.401123046875
2025-08-27,98.5001449584961
2025-08-28,98.61896514892578
2025-08-29,98.49024200439453
2025-09-02,98.22895050048828
2025-09-03,98.58661651611328
2025-09-04,98.98401641845703
2025-09-05,99.45097351074219
2025-09-08,99.78877258300781
2025-09-09,99.59005737304688
2025-09-10,99.78877258300781
2025-09-11,99.97753143310547
2025-09-12,99.88811492919922
2025-09-15,100.05701446533203
2025-09-16,100.09675598144531
2025-09-17,99.91793060302734
2025-09-18,99.63973999023438
2025-09-19,99.63973999023438
2025-09-22,99.52051544189453
2025-09-23,99.67948150634766
2025-09-24,99.49071502685547
2025-09-25,99.35162353515625
2025-09-26,99.4211654663086
2025-09-29,99.60993957519531
2025-09-30,99.5999984741211
2025-10-01,99.85417175292969
2025-10-02,99.96381378173828
2025-10-03,99.85417175292969
2025-10-06,99.6348876953125
2025-10-07,99.80432891845703
2025-10-08,99.81430053710938
2025-10-09,99.69468688964844
2025-10-10,100.10335540771484
2025-10-13,100.29273986816406
2025-10-14,100.45221710205078
2025-10-15,100.41234588623047
2025-10-16,100.77117919921875
2025-10-17,100.63162994384766
2025-10-20,100.80107879638672
2025-10-21,100.9007568359375
2025-10-22,100.89078521728516
2025-10-23,100.71137237548828
2025-10-24,100.81105041503906
2025-10-27,100.88082122802734
2025-10-28,100.94062042236328
2025-10-29,100.46218872070312
2025-10-30,100.2728042602539
2025-10-31,100.21299743652344
