Date,AGG
2016-01-05,0.00046340148319856667
2016-01-06,0.0037952717850289197
2016-01-07,-9.237903310310713e-05
2016-01-08,0.00221362450953011
2016-01-11,-0.0028530107821683748
2016-01-12,0.00221477881233878
2016-01-13,0.0023030452109840116
2016-01-14,-0.00036784932774325263
2016-01-15,0.0011950112745122698
2016-01-19,-0.0010101324334859108
2016-01-20,0.0008275158404942307
2016-01-21,-0.0013771070593666668
2016-01-22,0.0007354149348524075
2016-01-25,-0.0005514534856035924
2016-01-26,0.0012868544768700474
2016-01-27,0.00018392689409241214
2016-01-28,0.0008255975495561341
2016-01-29,0.0029352913155507032
2016-02-01,-0.0012100553448106677
2016-02-02,0.0030282558427205952
2016-02-03,-9.152687664892856e-05
2016-02-04,0.0010060688965660702
2016-02-05,-0.0009136144828665316
2016-02-08,0.0038416723325078728
2016-02-09,-9.09953403860353e-05
2016-02-10,0.002461176622438721
2016-02-11,0.0006360038775079513
2016-02-12,-0.002725831468507134
2016-02-16,-0.002459373849561075
2016-02-17,-0.0005478043047917325
2016-02-18,0.00301489315778114
2016-02-19,0.00018239397115893397
2016-02-22,0.00027295221968226535
2016-02-23,0.0001821298139079719
2016-02-24,0.0003643743979537817
2016-02-25,0.0025484245008648987
2016-02-26,-0.0018154955269902295
2016-02-29,0.0011817480572839933
2016-03-01,-0.0029943839039758835
2016-03-02,-0.0010954569933225855
2016-03-03,0.001188280878066994
2016-03-04,-0.001552019659700976
2016-03-07,-0.00027442366040142385
2016-03-08,0.002469129302639983
2016-03-09,-0.00045582817613942783
2016-03-10,0.00045603605022059845
2016-03-11,-0.0018243087534132174
2016-03-14,0.0005484652407659052
2016-03-15,-0.0009135472087941077
2016-03-16,0.004297489041656943
2016-03-17,0.002093556465302404
2016-03-18,0.0008178551761530706
2016-03-21,-0.0021787444388273736
2016-03-22,-0.0006363956744959154
2016-03-23,0.002184169370977429
2016-03-24,8.997478091643529e-05
2016-03-28,0.0007273058357999407
2016-03-29,0.0029952086570448344
2016-03-30,-0.00036221363635102755
2016-03-31,0.00316811436909048
2016-04-01,-0.0008860295362285164
2016-04-04,0.0009955494297104739
2016-04-05,0.0013551833097440458
2016-04-06,-0.0001803809875398077
2016-04-07,0.0021672879767575814
2016-04-08,-0.0009906194169438942
2016-04-11,0.0007210755434512439
2016-04-12,-0.0016220767421121218
2016-04-13,0.0004515821650619145
2016-04-14,-0.0017149695109579532
2016-04-15,0.0028019207491749576
2016-04-18,-8.999950982413463e-05
2016-04-19,-8.965043740749579e-05
2016-04-20,-0.0024347098320430804
2016-04-21,-0.0013549629681351982
2016-04-22,9.071637158886148e-05
2016-04-25,-0.0010862569006981904
2016-04-26,-0.0004525982314930177
2016-04-27,0.002990170652214408
2016-04-28,0.0019877726340391533
2016-04-29,-9.021871875847243e-05
2016-05-02,-0.0006776841105856635
2016-05-03,0.0018084427368183498
2016-05-04,0.00045124992749845383
2016-05-05,0.0025254851915055276
2016-05-06,-0.0015296233405949211
2016-05-09,0.0006311242913885629
2016-05-10,0.00044978090656444536
2016-05-11,0.0
2016-05-12,-0.0008997804443148238
2016-05-13,0.0018918731593302596
2016-05-16,-0.0017086827510717217
2016-05-17,-0.0013509548606317479
2016-05-18,-0.004149591137192599
2016-05-19,0.0006341141027423891
2016-05-20,0.000633443734720629
2016-05-23,-0.0001808693536470285
2016-05-24,-0.0005429746205664054
2016-05-25,0.00018144792941243715
2016-05-26,0.0015385818805513374
2016-05-27,-0.00018068951009819756
2016-05-31,0.0006327957102170156
2016-06-01,-0.0005611170534655097
2016-06-02,0.002535649641356441
2016-06-03,0.005419868661921345
2016-06-06,-0.001347441346579492
2016-06-07,0.0008996542372978755
2016-06-08,0.00035960919865063445
2016-06-09,0.0007189598527248542
2016-06-10,0.0013465052667973598
2016-06-13,0.0008073831132866527
2016-06-14,-0.0004479288859400299
2016-06-15,0.002151039849125569
2016-06-16,0.0006257347241374056
2016-06-17,-0.0007146151906142206
2016-06-20,-0.0027729348423870537
2016-06-21,-0.0007178229171849182
2016-06-22,0.0006286016032706065
2016-06-23,-0.0017049933846186027
2016-06-24,0.005392419166921014
2016-06-27,0.004021365782517661
2016-06-28,0.0012469708640698851
2016-06-29,-0.00071141665799479
2016-06-30,0.002045769246641571
2016-07-01,0.002153227839510663
2016-07-05,0.002663345907427228
2016-07-06,0.0018586050895414985
2016-07-07,-0.0007067928274454571
2016-07-08,0.001504129431086687
2016-07-11,-0.0026493209967973774
2016-07-12,-0.0030101501656637497
2016-07-13,0.0014207512426653857
2016-07-14,-0.0008868079951946939
2016-07-15,-0.0036389389282452944
2016-07-18,0.0001775882722951927
2016-07-19,0.0020491837434171156
2016-07-20,-0.0008885070315408639
2016-07-21,0.0008892971783369674
2016-07-22,0.0001775438230333659
2016-07-25,-0.001155493078070391
2016-07-26,0.0
2016-07-27,0.0029366353297621828
2016-07-28,-8.921027499653178e-05
2016-07-29,0.0026615171171866514
2016-08-01,-0.0023312954760579263
2016-08-02,-0.0029317172214123888
2016-08-03,0.001069301233327824
2016-08-04,0.0018690376617740423
2016-08-05,-0.003376091510179813
2016-08-08,0.0006238107429903383
2016-08-09,0.002583823828011589
2016-08-10,0.0011553862588891128
2016-08-11,-0.002662856593308116
2016-08-12,0.0024029084458718764
2016-08-15,-0.0017760598549455553
2016-08-16,-0.0006221935159128611
2016-08-17,0.0018685301683531996
2016-08-18,0.0014217978847796964
2016-08-19,-0.0022178872299843944
2016-08-22,0.001511393314783449
2016-08-23,0.00026619588106813197
2016-08-24,-0.0003546879627194244
2016-08-25,-0.001065837993846963
2016-08-26,-0.001599108462736032
2016-08-29,0.002759184789415059
2016-08-30,-0.0005322172074603282
2016-08-31,-0.00017831522674061073
2016-09-01,0.0008726078178533658
2016-09-02,-0.0013340804230242975
2016-09-06,0.0021373102099553343
2016-09-07,0.0005330135775027944
2016-09-08,-0.0034632218734792497
2016-09-09,-0.0043664589907376206
2016-09-12,0.0008054321081776283
2016-09-13,-0.002772247996662869
2016-09-14,0.0012555911738110215
2016-09-15,0.0006264369947830417
2016-09-16,0.0007166091789396756
2016-09-19,-0.0008052788512830089
2016-09-20,0.0003584244189636099
2016-09-21,0.0025050861785298473
2016-09-22,0.002053126734718136
2016-09-23,-0.0002665396880567883
2016-09-26,0.0012470107941939812
2016-09-27,0.0012454576950045038
2016-09-28,0.00026690694106323853
2016-09-29,0.0
2016-09-30,-0.0010661220660060922
2016-10-03,-0.0011318576642285194
2016-10-04,-0.003390156973916092
2016-10-05,-0.001342453611295813
2016-10-06,0.0
2016-10-07,0.00017860220853838094
2016-10-10,-0.00044747930089983345
2016-10-11,-0.0015250267580142474
2016-10-12,0.00035969352950138145
2016-10-13,0.001436586030724385
2016-10-14,-0.0017031309915487292
2016-10-17,0.0017060365953469603
2016-10-18,0.001613127420382554
2016-10-19,0.0005371353668790491
2016-10-20,-0.0003574014922541613
2016-10-21,0.0006260049210893293
2016-10-24,-0.0015205854100535099
2016-10-25,0.0
2016-10-26,-0.001969972029116862
2016-10-27,-0.0025125296848222956
2016-10-28,0.0
2016-10-31,0.0012595613821810847
2016-11-01,-0.000540402858889566
2016-11-02,0.0011708601648114936
2016-11-03,-0.0013491892462430544
2016-11-04,0.002071921682699207
2016-11-07,-0.001168913184969811
2016-11-08,-0.00161994928517728
2016-11-09,-0.00928498076819173
2016-11-10,-0.00409486179229801
2016-11-11,-0.001827203245407416
2016-11-14,-0.00402740255401457
2016-11-15,0.0007348565897442594
2016-11-16,0.0022041182090495326
2016-11-17,-0.003756508912346024
2016-11-18,-0.0032194795826682165
2016-11-21,0.0008305890632189783
2016-11-22,0.0009218504150310114
2016-11-23,-0.0035000034224577092
2016-11-25,-9.291167940483902e-05
2016-11-28,0.003512984393454932
2016-11-29,0.0011053756637928736
2016-11-30,-0.00395658597240689
2016-12-01,-0.003295362726115303
2016-12-02,0.0031576255192622416
2016-12-05,0.0008335166570072605
2016-12-06,-0.00018559321812050555
2016-12-07,0.0025906616461726095
2016-12-08,-0.0018455366676365381
2016-12-09,-0.0030508469988862474
2016-12-12,-0.0009272130514965671
2016-12-13,0.0012996290875975092
2016-12-14,-0.005469214534166933
2016-12-15,-0.0012118470120234814
2016-12-16,0.0006535138802030716
2016-12-19,0.002610983166352998
2016-12-20,-0.0009299683456748253
2016-12-21,0.002141508754246013
2016-12-22,-9.610303115303864e-06
2016-12-23,0.0002789734610741945
2016-12-27,-0.0007444166485388592
2016-12-28,0.0015837327965211312
2016-12-29,0.003069177300187187
2016-12-30,0.0020405497069908574
2017-01-03,0.001017701610788846
2017-01-04,0.0002772318899844084
2017-01-05,0.004159215500022295
2017-01-06,-0.00331324993498594
2017-01-09,0.0016619971604439066
2017-01-10,-0.0002766446398171363
2017-01-11,0.0011989156695306757
2017-01-12,0.0003685795526950919
2017-01-13,-0.001749166541685665
2017-01-17,0.0034128641558113237
2017-01-18,-0.004321020083287941
2017-01-19,-0.002584753692460362
2017-01-20,0.00036975682923645614
2017-01-23,0.0027761599951714455
2017-01-24,-0.0015687152435964746
2017-01-25,-0.0026797877260449354
2017-01-26,0.0006488540355391592
2017-01-27,0.0008327210693668263
2017-01-30,-0.00046213780625070644
2017-01-31,0.002406931486811592
2017-02-01,-0.0014065611889632068
2017-02-02,0.0005565201043675749
2017-02-03,0.00027761035168949455
2017-02-06,0.0028697033758215973
2017-02-07,0.0010150989237045493
2017-02-08,0.0028591276743663574
2017-02-09,-0.0023909598716028713
2017-02-10,-0.00018416097388906927
2017-02-13,-0.0014756197092121726
2017-02-14,-0.002215758496679321
2017-02-15,-0.0015736103918712052
2017-02-16,0.002132495537637391
2017-02-17,0.002219535888098756
2017-02-21,-9.236178775839932e-05
2017-02-22,0.0006461438351152982
2017-02-23,0.0016604270327593706
2017-02-24,0.003682816624166696
2017-02-27,-0.0018347853442888251
2017-02-28,-0.00027578621174328966
2017-03-01,-0.004698324306317558
2017-03-02,-0.001850665419187103
2017-03-03,0.000741494817944055
2017-03-06,-0.0004633829109018661
2017-03-07,-0.0012974803368756005
2017-03-08,-0.002413624095194744
2017-03-09,-0.0030707537503988913
2017-03-10,0.0014936748936900113
2017-03-13,-0.0016777989735647925
2017-03-14,0.0003732394806077455
2017-03-15,0.0057857230117686065
2017-03-16,-0.0011131318791360867
2017-03-17,0.0021366008617740295
2017-03-20,0.0014823023862713391
2017-03-21,0.0020367196482418137
2017-03-22,0.0013853857920571588
2017-03-23,0.00027637184409523563
2017-03-24,-0.0008296911955358865
2017-03-27,0.0023994129438718037
2017-03-28,-0.0023020723114606234
2017-03-29,0.0022153070495924965
2017-03-30,-0.0018417556213143893
2017-03-31,0.0007380436877855168
2017-04-03,0.0037125241535294062
2017-04-04,-0.00091964434956604
2017-04-05,0.001105088201155624
2017-04-06,-9.215226010761413e-05
2017-04-07,-0.0022084743904857707
2017-04-10,0.0012913215073746542
2017-04-11,0.0028550687630932714
2017-04-12,0.002204126010846519
2017-04-13,0.0012830676570114719
2017-04-17,-0.0005497128819594854
2017-04-18,0.004029546105844384
2017-04-19,-0.0015503128867838667
2017-04-20,-0.0015528084822394872
2017-04-21,0.0002740033338990422
2017-04-24,-0.001462927458658947
2017-04-25,-0.003297362030602824
2017-04-26,0.0012863668766354142
2017-04-27,0.0009179956183826832
2017-04-28,0.0017420240861094616
2017-05-01,-0.0025778435313993375
2017-05-02,0.0013795517815480274
2017-05-03,-0.0010104017369012563
2017-05-04,-0.0008273024914065008
2017-05-05,0.00018427363978013034
2017-05-08,-0.0019320294126138338
2017-05-09,9.220916242225208e-05
2017-05-10,0.0002759790045923083
2017-05-11,-9.181933336144255e-05
2017-05-12,0.003685656832346007
2017-05-15,-0.0003669374385408819
2017-05-16,0.0012860384083914767
2017-05-17,0.005136660828572337
2017-05-18,-0.0005473110820668481
2017-05-19,0.0
2017-05-22,-0.0006393935741650925
2017-05-23,-0.001918878633793697
2017-05-24,0.0017395039951841884
2017-05-25,0.0004570854151455528
2017-05-26,-0.0003659422673815138
2017-05-30,0.0019192311781539573
2017-05-31,0.0010034822904969598
2017-06-01,-0.00045667877086807973
2017-06-02,0.003287987557453187
2017-06-05,-0.0015475894502491316
2017-06-06,0.0020064356008944184
2017-06-07,-0.001183071554345716
2017-06-08,-0.0010023070532585443
2017-06-09,-0.0008210519729502375
2017-06-12,0.0
2017-06-13,0.0002740554694955488
2017-06-14,0.0031936827650071997
2017-06-15,-0.0006372815956388056
2017-06-16,0.0006376879824538939
2017-06-19,-0.0013645766968093387
2017-06-20,0.0015482063537897162
2017-06-21,0.00018200985499672306
2017-06-22,0.00045481041082151563
2017-06-23,0.00018180643079812597
2017-06-26,0.0009088669161410046
2017-06-27,-0.00299653736958716
2017-06-28,0.00036465928573803374
2017-06-29,-0.0019113951851646993
2017-06-30,-0.0012772310151833999
2017-07-03,-0.0017844619820727159
2017-07-05,0.0005502230598291025
2017-07-06,-0.0019237525826528712
2017-07-07,-0.0003672025941451329
2017-07-10,0.00045917185177657416
2017-07-11,0.0009176574342519839
2017-07-12,0.003026366156972715
2017-07-13,-0.0010969125827399173
2017-07-14,0.0010066733696081354
2017-07-17,0.00045667102822366523
2017-07-18,0.0022848614723087746
2017-07-19,0.0002739195849610354
2017-07-20,0.0002730556487411384
2017-07-21,0.001731480181571543
2017-07-24,-0.0009097347833101344
2017-07-25,-0.0035511875454504738
2017-07-26,0.001919533378694327
2017-07-27,-0.0014593446780227781
2017-07-28,0.002009388800439549
2017-07-31,-0.00045599855048206184
2017-08-01,0.0027418874902664925
2017-08-02,-0.0007290540820643621
2017-08-03,0.002006273949386461
2017-08-04,-0.001638368982147198
2017-08-07,-9.142747954826724e-05
2017-08-08,-0.0009112959485872985
2017-08-09,0.0009121271663785624
2017-08-10,0.0010032567783486712
2017-08-11,0.0008196502784687532
2017-08-14,-0.000454862177982851
2017-08-15,-0.0014572174687144113
2017-08-16,0.001823983173571353
2017-08-17,0.0014564250364301756
2017-08-18,-0.0006364446320644701
2017-08-21,0.000727878388103731
2017-08-22,-0.0009090117839253287
2017-08-23,0.002274553449649108
2017-08-24,-0.001270953355236748
2017-08-25,0.0007272829380904344
2017-08-28,0.0003634643318273234
2017-08-29,0.001452283784195707
2017-08-30,-0.0001812722143270662
2017-08-31,0.0013594401048577787
2017-09-01,-0.002268188951859873
2017-09-05,0.004092056422712043
2017-09-06,-0.0010867274595761645
2017-09-07,0.0024480790289014287
2017-09-08,-0.0011754092129322435
2017-09-11,-0.002716541901986891
2017-09-12,-0.0014528268175658665
2017-09-13,-0.0010003478448638026
2017-09-14,0.0005459529580993383
2017-09-15,-0.0001819721283857767
2017-09-18,-0.0004547953068261279
2017-09-19,-0.0005462641831912585
2017-09-20,-0.0008198005198581937
2017-09-21,-0.00018207521050372932
2017-09-22,0.0007292191741428145
2017-09-25,0.002369173147405368
2017-09-26,-0.00036396141452010866
2017-09-27,-0.0029092689591119214
2017-09-28,9.15073575669112e-05
2017-09-29,-0.0008211335414586296
2017-10-02,0.0006127955342558611
2017-10-03,0.000822527633793424
2017-10-04,-0.0002738923762637402
2017-10-05,-0.0004569032849643939
2017-10-06,-0.0014618856666048785
2017-10-09,0.0013726445246813324
2017-10-10,9.12561181987126e-05
2017-10-11,0.00018301949332233391
2017-10-12,0.001187313761979114
2017-10-13,0.0024638935307796928
2017-10-16,-0.0010011930811729686
2017-10-17,-0.00036465671853880277
2017-10-18,-0.00154922405528779
2017-10-19,0.0007301008479603244
2017-10-20,-0.002918795808866559
2017-10-23,0.0010978618316797029
2017-10-24,-0.002102051275064576
2017-10-25,-0.000641159443120709
2017-10-26,-0.0010997605800724397
2017-10-27,0.002201416744496587
2017-10-30,0.0027467324433811946
2017-10-31,-0.0006390236242453939
2017-11-01,0.0004394405295284898
2017-11-02,0.0005491902672036808
2017-11-03,0.0009143786633467599
2017-11-06,0.0009137175960034494
2017-11-07,0.0002735081423512753
2017-11-08,-0.0006381562063323409
2017-11-09,-0.000731304791256826
2017-11-10,-0.00402041413533516
2017-11-13,0.0
2017-11-14,0.0010088326668591385
2017-11-15,0.0019248148323935954
2017-11-16,-0.0010974820551215014
2017-11-17,0.00109868784531586
2017-11-20,-0.0005485665471068879
2017-11-21,0.0010069556403569102
2017-11-22,0.0017374660463818081
2017-11-24,-0.00018315121944845192
2017-11-27,0.0
2017-11-28,0.0
2017-11-29,-0.002464723219044007
2017-11-30,-0.0016471505395395658
2017-12-01,0.002857020463365334
2017-12-04,-9.188251939429293e-05
2017-12-05,0.0010077491805662309
2017-12-06,0.0010070830257780106
2017-12-07,-0.001280144029036867
2017-12-08,-0.0003661620286579126
2017-12-11,-0.0003665576057565456
2017-12-12,-0.00045779833438475137
2017-12-13,0.002841551121622432
2017-12-14,0.0002736260575504357
2017-12-15,0.0002740729192218794
2017-12-18,-0.0012783667504335794
2017-12-19,-0.0029271387892890743
2017-12-20,-0.0022935024994751307
2017-12-21,0.0008830066885219257
2017-12-22,0.0004595591449210179
2017-12-26,0.0008268614365298799
2017-12-27,0.003120584490373002
2017-12-28,-0.0007328311032319679
2017-12-29,0.0010077285024379101
2018-01-02,-0.001463607288609392
2018-01-03,9.132089045538194e-05
2018-01-04,-0.0006410175982289879
2018-01-05,-0.000641167206799631
2018-01-08,-0.00027507441098695296
2018-01-09,-0.002752373638648442
2018-01-10,0.0
2018-01-11,0.0004599366799502569
2018-01-12,-0.0001834177737333187
2018-01-16,0.000275133391579363
2018-01-17,-0.0011026797005833089
2018-01-18,-0.002209019664565215
2018-01-19,-0.0021216859132655586
2018-01-22,-0.0003698575098881607
2018-01-23,0.002404259562212019
2018-01-24,-0.001014298110621814
2018-01-25,0.002585669064930185
2018-01-26,-0.0018423811271198742
2018-01-29,-0.0017533478330827856
2018-01-30,-0.0015708831565958148
2018-01-31,0.0008330923774293453
2018-02-01,-0.0031339700244871205
2018-02-02,-0.0029764487401007234
2018-02-05,0.004011346696874529
2018-02-06,-0.0028799286601007834
2018-02-07,-0.0022365183614195816
2018-02-08,-0.0016807054903341667
2018-02-09,-0.0013098206090932374
2018-02-12,0.00028058673210606955
2018-02-13,0.00028157459571431787
2018-02-14,-0.0033708355373286425
2018-02-15,0.0012214424307881444
2018-02-16,0.0019699113450846184
2018-02-20,-0.0010295884250265397
2018-02-21,-0.003186873447798111
2018-02-22,9.424648418665527e-05
2018-02-23,0.002538436180528514
2018-02-26,0.0007497665825215716
2018-02-27,-0.002154575468668818
2018-02-28,0.002723302856218801
2018-03-01,0.0008914638337531589
2018-03-02,-0.0015943771626143466
2018-03-05,-0.0005632955315060251
2018-03-06,0.00018781166388759374
2018-03-07,-0.00018777639728995155
2018-03-08,0.0015976452867860758
2018-03-09,-0.0018765427534666035
2018-03-12,0.0005641280784423053
2018-03-13,0.0013152007665537813
2018-03-14,0.001688852930805007
2018-03-15,9.350925138296162e-05
2018-03-16,-0.0005615353102806919
2018-03-19,-0.0010311249371579567
2018-03-20,-0.0015948865538091272
2018-03-21,-9.406618575147352e-05
2018-03-22,0.0018798096640426643
2018-03-23,0.0
2018-03-26,-0.00037532758991809523
2018-03-27,0.002908925646392335
2018-03-28,0.0005611704599799427
2018-03-29,0.0028985959034948383
2018-04-02,-0.0009994344956255619
2018-04-03,-0.0011225937821033316
2018-04-04,0.0003745004816648745
2018-04-05,-0.0014044702793141184
2018-04-06,0.0022499408924343545
2018-04-09,0.0008420436727847314
2018-04-10,-0.000748167532655275
2018-04-11,0.0008422302929820269
2018-04-12,-0.002242703465205609
2018-04-13,0.00028099018640670437
2018-04-16,0.0001872151847439607
2018-04-17,0.00028103559094172503
2018-04-18,-0.0028078860644360493
2018-04-19,-0.0024403061924909153
2018-04-20,-0.0027281794318492203
2018-04-23,-0.0004718377576999888
2018-04-24,-0.0013213769646964746
2018-04-25,-0.00132312531200518
2018-04-26,0.0017037598608018456
2018-04-27,0.0012276415383118966
2018-04-30,0.00018902042749102677
2018-05-01,-0.0008511443246778105
2018-05-02,0.0
2018-05-03,0.0011350526141764572
2018-05-04,0.000661972319254911
2018-05-07,-0.00047174848226927413
2018-05-08,-0.0011346196751997883
2018-05-09,-0.0011351056741011334
2018-05-10,0.0022735949439549596
2018-05-11,0.00047197113393537826
2018-05-14,-0.000944209441007926
2018-05-15,-0.004444082322807463
2018-05-16,-0.0011395967007837848
2018-05-17,-0.0013319278378027821
2018-05-18,0.002571361659243765
2018-05-21,9.472607645033548e-05
2018-05-22,0.0
2018-05-23,0.0027539579977091666
2018-05-24,0.0027462159848876677
2018-05-25,0.0021718135760739887
2018-05-29,0.006596558996874613
2018-05-30,-0.002527830093384309
2018-05-31,-0.0008443914727345181
2018-06-01,-0.0012336072153890099
2018-06-04,-0.002356679375894455
2018-06-05,0.0007562494789619123
2018-06-06,-0.002266412328785772
2018-06-07,0.0021767639108831727
2018-06-08,-0.0014171746000674057
2018-06-11,-0.001039396193173614
2018-06-12,0.00028375854080264773
2018-06-13,-0.0009463649110820205
2018-06-14,0.002557926431327351
2018-06-15,0.0003774223749171135
2018-06-18,0.00018921741454036578
2018-06-19,0.0010383672755946982
2018-06-20,-0.001886482248283694
2018-06-21,0.00028392496664952915
2018-06-22,0.0009444001832457083
2018-06-25,-0.0005664428595881787
2018-06-26,0.0016057718240523045
2018-06-27,0.00179157936412766
2018-06-28,-9.402250590695438e-05
2018-06-29,0.0008471675403081136
2018-07-02,-0.0009515490273339644
2018-07-03,0.002075371485031674
2018-07-05,0.0009410273891194976
2018-07-06,0.001035048632453961
2018-07-09,-0.000939787955051008
2018-07-10,-0.0007525552450584616
2018-07-11,0.00037660517686788353
2018-07-12,0.0012235281234849182
2018-07-13,0.0009395232616240534
2018-07-16,-0.0011266868911046224
2018-07-17,-0.000375809479061906
2018-07-18,-0.00028231607910533807
2018-07-19,0.0015052870426670584
2018-07-20,-0.0019726536263507954
2018-07-23,-0.0034814882328877417
2018-07-24,0.0014160720723785936
2018-07-25,9.460761381552274e-05
2018-07-26,-0.0005657336383027012
2018-07-27,0.0007549155842165867
2018-07-30,-0.0010374692192102186
2018-07-31,0.0008496314425807672
2018-08-01,-0.0010302316623056473
2018-08-02,0.0003785191406402433
2018-08-03,0.002174709612200454
2018-08-06,0.0006611848612965154
2018-08-07,-0.0017917811180248044
2018-08-08,0.0
2018-08-09,0.0014169262625132184
2018-08-10,0.0021699054039610033
2018-08-13,0.0005648136436693374
2018-08-14,-0.0009406484977680929
2018-08-15,0.0014120367002570244
2018-08-16,0.0005646698416028606
2018-08-17,0.0005642631683993038
2018-08-20,0.0019721362642992624
2018-08-21,-0.0008435502246380011
2018-08-22,0.0008442624023772272
2018-08-23,-0.000562483854264384
2018-08-24,0.001125425185266149
2018-08-27,-0.0013117247329155202
2018-08-28,-0.0018763537351956794
2018-08-29,-0.00018798810570386237
2018-08-30,0.0004700586296910725
2018-08-31,-9.361561726695111e-05
2018-09-04,-0.0011121415072697927
2018-09-05,-0.0004706691959299736
2018-09-06,0.0016976923176579284
2018-09-07,-0.003578529421753407
2018-09-10,0.000945063159763837
2018-09-11,-0.0016993840438565
2018-09-12,0.0006621241983464365
2018-09-13,0.0006613328510580718
2018-09-14,-0.0018886140426894737
2018-09-17,0.0
2018-09-18,-0.002176709867536264
2018-09-19,-0.0018969356443671037
2018-09-20,0.001330325327352444
2018-09-21,0.0007588339792006238
2018-09-24,-0.0009479339734752568
2018-09-25,-0.0004745940544856886
2018-09-26,0.0023738308503791217
2018-09-27,0.0006631020946219479
2018-09-28,-0.001041402884846998
2018-10-01,-0.0002658018161471043
2018-10-02,0.001140364464946586
2018-10-03,-0.004745840920247435
2018-10-04,-0.0028610650187425035
2018-10-05,-0.002199824427660535
2018-10-08,-0.0003829904703537279
2018-10-09,0.0014383508816491197
2018-10-10,-0.00028718560516516334
2018-10-11,0.0029689131812049574
2018-10-12,0.00028615074029381127
2018-10-15,-0.0006680575931845567
2018-10-16,0.0005733215896936983
2018-10-17,-0.0020048973600227393
2018-10-18,-0.0006699091828561432
2018-10-19,-0.0008613920752642557
2018-10-22,-0.00019173433033992104
2018-10-23,0.0012459315631738743
2018-10-24,0.0025838594603120324
2018-10-25,-0.0008592743976270079
2018-10-26,0.002293458082919031
2018-10-29,-0.0010487222701234256
2018-10-30,-0.0014314882042757437
2018-10-31,-0.00047787645775698717
2018-11-01,0.0025274061510762724
2018-11-02,-0.0029712668204894266
2018-11-05,0.0006731262416614925
2018-11-06,9.568891160638415e-05
2018-11-07,0.000864592209583126
2018-11-08,-0.0018239108472448695
2018-11-09,0.0012502052093250615
2018-11-12,0.0016324998025059045
2018-11-13,0.0003835856975706875
2018-11-14,9.634850712703091e-05
2018-11-15,0.0012445890283310224
2018-11-16,0.0016270322036096019
2018-11-19,-9.535422010220618e-05
2018-11-20,-0.0003818077640449502
2018-11-21,0.0006686847789629802
2018-11-23,-0.00028653957741531233
2018-11-26,-0.00019072662679309182
2018-11-27,0.0002861445155679654
2018-11-28,0.0019110722644084532
2018-11-29,0.0004766577455865839
2018-11-30,-0.00028546939558549145
2018-12-03,0.0016345114585594178
2018-12-04,0.002671711142653743
2018-12-06,0.0024742200866272324
2018-12-07,0.0013289638851210483
2018-12-10,0.0006636000420703336
2018-12-11,0.00028411123064264743
2018-12-12,-0.0007577945173605771
2018-12-13,0.0002845967470197497
2018-12-14,0.00028425274014121094
2018-12-17,0.0017050317808913196
2018-12-18,0.002938124894065419
2018-12-19,0.0009444568627070549
2018-12-20,-0.0009435657056010571
2018-12-21,-0.00047262104621570433
2018-12-24,0.0006615633442756952
2018-12-26,-0.0018895170317354548
2018-12-27,0.0016091430648965677
2018-12-28,0.003685519871817311
2018-12-31,0.0025413889616974217
2019-01-02,0.0007513008587063386
2019-01-03,0.0041287926117237195
2019-01-04,-0.0029903408702096623
2019-01-07,-0.0016869116257379746
2019-01-08,-0.0007511595114619851
2019-01-09,0.0008456029341536997
2019-01-10,-0.0011268936520665296
2019-01-11,0.001409967548875679
2019-01-14,-0.001407982339467595
2019-01-15,0.000187984101370553
2019-01-16,0.0008461165540956106
2019-01-17,-0.0007511595114619851
2019-01-18,-0.0007520712326333223
2019-01-22,0.0008464998546475755
2019-01-23,0.00103343705008907
2019-01-24,0.0016893881412805012
2019-01-25,-0.00046850706740531045
2019-01-28,-0.0005625585637833996
2019-01-29,0.0026265200402284528
2019-01-30,0.002244652526752322
2019-01-31,0.002986885371087933
2019-02-01,-0.0020708870862543582
2019-02-04,-0.0008417332281748235
2019-02-05,0.0021522570387673134
2019-02-06,-0.0005602787238303542
2019-02-07,0.0004672323821124369
2019-02-08,0.0022408079912921153
2019-02-11,-0.0010248766209192128
2019-02-12,0.00018692284029597772
2019-02-13,-0.0017719137879902425
2019-02-14,0.0014946597661544825
2019-02-15,0.0007462145462180381
2019-02-19,0.0005591148249985967
2019-02-20,9.283343870758465e-05
2019-02-21,-0.0022350020782636593
2019-02-22,0.0025202245201827456
2019-02-25,-0.0002795115863084563
2019-02-26,0.0011178441992851784
2019-02-27,-0.0021398710044522318
2019-02-28,-0.0017716634158976285
2019-03-01,-0.0016193507902841908
2019-03-04,0.0012187018821503415
2019-03-05,0.0006558159253795548
2019-03-06,0.0014977550875421297
2019-03-07,0.002804327117793326
2019-03-08,0.001304638033598593
2019-03-11,9.305479387844429e-05
2019-03-12,0.0018617779132419354
2019-03-13,-0.00046479293794721155
2019-03-14,-0.001487089614549797
2019-03-15,0.002513334717751503
2019-03-18,-0.00018547237698629537
2019-03-19,-0.0005574589768899685
2019-03-20,0.004088718969086136
2019-03-21,0.00018510952455241814
2019-03-22,0.004996692109060508
2019-03-25,0.001840620486793787
2019-03-26,0.00018322571144779864
2019-03-27,0.00211371656680015
2019-03-28,9.173984231858334e-05
2019-03-29,-9.173142689200553e-05
2019-04-01,-0.004577135769238017
2019-04-02,0.0011078866277633992
2019-04-03,-0.0018438988942862666
2019-04-04,0.0007386002251119628
2019-04-05,0.0007389013938583489
2019-04-08,-0.0004610601236945122
2019-04-09,0.0005536627276858663
2019-04-10,0.0019370854795197623
2019-04-11,-0.0011969021316874384
2019-04-12,-0.0019359952140900472
2019-04-15,-0.0001844761031060127
2019-04-16,-0.00175517494211741
2019-04-17,-9.27141678190857e-05
2019-04-18,0.0012955737053510497
2019-04-22,-0.0012012945751539439
2019-04-23,0.0017582609977624397
2019-04-24,0.002309552129788006
2019-04-25,-9.22536969907295e-05
2019-04-26,0.0020279098250124417
2019-04-29,-0.0017482538119840685
2019-04-30,0.0006455727208993789
2019-05-01,0.000646169162275223
2019-05-02,-0.002214283677669626
2019-05-03,0.0016645884322221693
2019-05-06,0.0012918812698146098
2019-05-07,0.0011984175527164354
2019-05-08,-0.000184216005558957
2019-05-09,0.0005528340513440977
2019-05-10,0.00018372733012639308
2019-05-13,0.0016565239704975365
2019-05-14,0.0008268922184679894
2019-05-15,0.0017442470485036221
2019-05-16,-0.0011915305805231258
2019-05-17,0.0002754192320306714
2019-05-20,-0.0013757105524453417
2019-05-21,-9.171160563337111e-05
2019-05-22,0.001653144123560324
2019-05-23,0.002934305369679091
2019-05-24,0.00036570460047835596
2019-05-28,0.0014626179507353232
2019-05-29,0.00027340219741600613
2019-05-30,0.002646420632452795
2019-05-31,0.004640793280244582
2019-06-03,0.002360783201547312
2019-06-04,-0.0009059122196427571
2019-06-05,-0.0005444702688052194
2019-06-06,-0.00018073383896877182
2019-06-07,0.0028120614301543334
2019-06-10,-0.0026239163067183213
2019-06-11,-0.00018073383896877182
2019-06-12,0.00126975230022075
2019-06-13,0.002175126940269445
2019-06-14,-0.0002717028642958974
2019-06-17,-0.00027136417385653644
2019-06-18,0.0027142957946117985
2019-06-19,0.0034284390811931686
2019-06-20,0.001708321511571409
2019-06-21,-0.0026034352505822644
2019-06-24,0.0018000034809646515
2019-06-25,0.00018012765789698904
2019-06-26,-0.0022457824494013234
2019-06-27,0.002790286079463522
2019-06-28,-0.00044811232682329116
2019-07-01,0.0007378488437255193
2019-07-02,0.0017990532436253925
2019-07-03,0.0016156273083673955
2019-07-05,-0.004212702432333071
2019-07-08,-0.0005401122666607305
2019-07-09,-0.00027061196670574716
2019-07-10,0.0007211985721664593
2019-07-11,-0.0036909080241748216
2019-07-12,0.001083994881372785
2019-07-15,0.0014441448748916397
2019-07-16,-0.0010816698028389693
2019-07-17,0.0026167222199318108
2019-07-18,0.001619899601610797
2019-07-19,-0.0011678990901166086
2019-07-22,0.001259245898382888
2019-07-23,-0.0009883033327474644
2019-07-24,0.0014392295689438228
2019-07-25,-0.0015269071095136422
2019-07-26,0.0001798482382118216
2019-07-29,0.0004494988235441699
2019-07-30,-8.966303062363234e-05
2019-07-31,0.00044933715406281216
2019-08-01,0.007835089148294783
2019-08-02,0.00035768342209552273
2019-08-05,0.004376810641981477
2019-08-06,0.002667719152619652
2019-08-07,-0.0005319309601297117
2019-08-08,0.0009757795054228247
2019-08-09,-0.001329318620951092
2019-08-12,0.0036399143576115733
2019-08-13,-0.0014153419858226046
2019-08-14,0.0030997449417085043
2019-08-15,0.004592387148789623
2019-08-16,-0.0007909018508203136
2019-08-19,-0.0026394115212362568
2019-08-20,0.0027345856357838816
2019-08-21,-0.0005276920923830142
2019-08-22,-0.00264089248946886
2019-08-23,0.004059695416665399
2019-08-26,-0.00043967617358975364
2019-08-27,0.0031655598332407386
2019-08-28,8.77918192510041e-05
2019-08-29,-0.0006138520941962877
2019-08-30,0.0008771061517440781
2019-09-03,-0.000237026461271439
2019-09-04,0.0017571493671668659
2019-09-05,-0.004297182632327479
2019-09-06,0.0010569504565745014
2019-09-09,-0.004222700337959795
2019-09-10,-0.00538952514004476
2019-09-11,0.00017793107444297185
2019-09-12,-0.0015988418755764622
2019-09-13,-0.0059593020913085715
2019-09-16,0.002684734283866508
2019-09-17,0.0015167773328992329
2019-09-18,0.001158364622956487
2019-09-19,0.0014242657072431886
2019-09-20,0.003644097591017248
2019-09-23,0.00044272595953098737
2019-09-24,0.0027442797097811944
2019-09-25,-0.0041493417525704235
2019-09-26,0.0016844491945902096
2019-09-27,0.0012389635392102694
2019-09-30,0.00026481475179118696
2019-10-01,0.0018157463741512725
2019-10-02,0.0007073698395945183
2019-10-03,0.0038867459113625102
2019-10-04,0.0015837425132174676
2019-10-07,-0.002723446594254386
2019-10-08,0.0003524697490011608
2019-10-09,-0.0005285183367761404
2019-10-10,-0.0034365087778923664
2019-10-11,-0.003271005777929492
2019-10-14,0.0016851335060350525
2019-10-15,-0.003276459659215858
2019-10-16,0.001777139466454969
2019-10-17,-0.0002662543639138093
2019-10-18,0.0007094789824368952
2019-10-21,-0.002747592450764058
2019-10-22,0.0015105741395138317
2019-10-23,0.0007993213230799157
2019-10-24,0.00026585349916863343
2019-10-25,-0.0014186038850624305
2019-10-28,-0.002131209700696357
2019-10-29,8.896324836493719e-05
2019-10-30,0.002847294575510473
2019-10-31,0.0039037239685231206
2019-11-01,0.0002747401772000835
2019-11-04,-0.0024793302621574087
2019-11-05,-0.003728198895776136
2019-11-06,0.0015143316628243308
2019-11-07,-0.004714990166872712
2019-11-08,-0.0005363939203423262
2019-11-11,0.00017843681445128823
2019-11-12,0.001073333399468801
2019-11-13,0.0017868098499325136
2019-11-14,0.002853088845054641
2019-11-15,-0.0005337730545491581
2019-11-18,0.0018685615245623843
2019-11-19,0.0007100553236092377
2019-11-20,0.002395876758282567
2019-11-21,-0.0014163498508682482
2019-11-22,0.000531684647202102
2019-11-25,0.0009748232069133334
2019-11-26,0.0014163042880386278
2019-11-27,-0.0012374039421543248
2019-11-29,-0.001239336098339816
2019-12-02,-0.0011009389868340547
2019-12-03,0.0045339777916615365
2019-12-04,-0.0016815269376425634
2019-12-05,-0.0011523975333508352
2019-12-06,-0.0014200148047663896
2019-12-09,0.0005331728109378986
2019-12-10,-0.00035541900871349785
2019-12-11,0.002666350413079499
2019-12-12,-0.004254241580146756
2019-12-13,0.00400505096824233
2019-12-16,-0.0020389737734427538
2019-12-17,8.889472282702648e-05
2019-12-18,-0.001953911383835938
2019-12-19,0.0010787413941562018
2019-12-20,0.00017784973193735176
2019-12-23,-0.0007116723788966883
2019-12-24,0.0012468139245485066
2019-12-26,0.0008902147372233937
2019-12-27,0.0013335353672030426
2019-12-30,0.0
2019-12-31,-0.002308622302658714
2020-01-02,0.0027589913478791583
2020-01-03,0.0029281717648144134
2020-01-06,-0.0007964486246115898
2020-01-07,-0.0010626718606783214
2020-01-08,-0.0011519746293179312
2020-01-09,0.001064471028709102
2020-01-10,0.001684821787738544
2020-01-13,-0.0006196420978415995
2020-01-14,0.0008855585993676751
2020-01-15,0.0015042527876099054
2020-01-16,0.0
2020-01-17,-0.001148583195756947
2020-01-21,0.0028307712359498804
2020-01-22,0.0005293060321629461
2020-01-23,0.0013223670203328375
2020-01-24,0.001848948047913801
2020-01-27,0.0030759192325844342
2020-01-28,-0.0008761728680961589
2020-01-29,0.0022796847675603527
2020-01-30,8.740819682917511e-05
2020-01-31,0.0029744484627916012
2020-02-03,-0.0003233320599096423
2020-02-04,-0.003322398206627719
2020-02-05,-0.0014916197944907506
2020-02-06,0.0006147107917269246
2020-02-07,0.0028976152081305884
2020-02-10,0.0011385387802556046
2020-02-11,-0.0012242719619609543
2020-02-12,-0.0010511108333967067
2020-02-13,0.0007012683338369907
2020-02-14,0.0010513224062183024
2020-02-18,0.001312537526006352
2020-02-19,-0.0002623670948888046
2020-02-20,0.0022725903164817485
2020-02-21,0.002005674652722611
2020-02-24,0.0032205400447868904
2020-02-25,0.0017348341236465004
2020-02-26,-0.0010391754549613497
2020-02-27,0.00017332426140148627
2020-02-28,0.007367491308867269
2020-03-02,-0.000353310686992625
2020-03-03,0.006813820873765142
2020-03-04,-0.0007709929444831287
2020-03-05,0.0030865814516849444
2020-03-06,0.007350161260326393
2020-03-09,-0.0012726683372413783
2020-03-10,-0.011299262827175971
2020-03-11,-0.01426318035918439
2020-03-12,-0.040010896762533776
2020-03-13,0.015709313679414194
2020-03-16,0.01671697794176974
2020-03-17,-0.02585060161650421
2020-03-18,-0.03808977587888718
2020-03-19,0.022332181844024523
2020-03-20,0.009912833321494396
2020-03-23,0.02372093378769602
2020-03-24,0.008256289379988013
2020-03-25,0.010214423483168922
2020-03-26,0.003050234351172465
2020-03-27,0.004257684282805485
2020-03-30,0.0009520672315226353
2020-03-31,-0.0026798504159456504
2020-04-01,-0.003396251699521735
2020-04-02,0.0014815177950993075
2020-04-03,0.0006962677453676847
2020-04-06,0.004870405411596002
2020-04-07,0.001384899212903301
2020-04-08,0.0009505651344685617
2020-04-09,0.012434418251402901
2020-04-13,-0.004690832303316239
2020-04-14,0.0005140888261339072
2020-04-15,0.004111209092922952
2020-04-16,0.001279149909774846
2020-04-17,-0.0011924900203110766
2020-04-20,-0.001449752411374572
2020-04-21,0.0005121914450683107
2020-04-22,0.0
2020-04-23,0.002390222540221032
2020-04-24,-0.0005108605967192315
2020-04-27,-0.0046012364444155684
2020-04-28,0.003937757960173149
2020-04-29,0.0006820619310710097
2020-04-30,-0.0022151903789534577
2020-05-01,5.1233269421357974e-05
2020-05-04,0.0008556737443479179
2020-05-05,-0.0007696307836470018
2020-05-06,-0.004020957338197406
2020-05-07,0.003091954771646588
2020-05-08,-0.0026546783937854146
2020-05-11,-0.003005249662098808
2020-05-12,0.0025841314104029234
2020-05-13,0.0016319287994712717
2020-05-14,0.0030875284436437944
2020-05-15,0.0005982213028790095
2020-05-18,-0.0014522917294438331
2020-05-19,0.0011125321038552016
2020-05-20,0.0025641595848728826
2020-05-21,0.0007675311241692739
2020-05-22,0.0005109913619536499
2020-05-26,-0.001617843942432029
2020-05-27,0.0014497942901556815
2020-05-28,-0.0006813175356290557
2020-05-29,0.0026420857625470973
2020-06-01,-0.0005619971201148433
2020-06-02,0.0008518426496140208
2020-06-03,-0.0024684833987770327
2020-06-04,-0.0029871940533899854
2020-06-05,0.0005992440481523698
2020-06-08,0.0011118783989225722
2020-06-09,0.001282160595630355
2020-06-10,0.004096035871526071
2020-06-11,-0.001699864375176774
2020-06-12,0.001021397868920415
2020-06-15,0.0033170257955597027
2020-06-16,-0.0019496056234523662
2020-06-17,-0.0008490904021815071
2020-06-18,0.0010201372399838426
2020-06-19,0.00033947264001543687
2020-06-22,-0.00025457470057466125
2020-06-23,-0.00016960865182347185
2020-06-24,-0.00017001506721703308
2020-06-25,0.0011893258009365582
2020-06-26,0.0011873093710519367
2020-06-29,0.0008474491967582765
2020-06-30,0.0008468822317149183
2020-07-01,0.0005337155661673254
2020-07-02,0.0011860452560521484
2020-07-06,-8.4643981929311e-05
2020-07-07,0.00152274419339693
2020-07-08,-0.0003374147847675646
2020-07-09,0.002619804673005488
2020-07-10,-0.0011799471392062166
2020-07-13,-8.472932576375491e-05
2020-07-14,0.0016038500192325778
2020-07-15,8.430161126793401e-05
2020-07-16,0.0006739820634458216
2020-07-17,0.0010103295489141129
2020-07-20,0.0010938358701106932
2020-07-21,0.0005879777897599414
2020-07-22,0.0008397409080622698
2020-07-23,0.0011749487956942417
2020-07-24,-0.00033559263829818775
2020-07-27,-0.0006705919851495157
2020-07-28,0.000671041980523368
2020-07-29,0.001173740626986719
2020-07-30,0.0007537266542647636
2020-07-31,0.00041854544798214377
2020-08-03,0.0003937210147682002
2020-08-04,0.0019261952685833972
2020-08-05,-0.0019224921732553524
2020-08-06,0.0014237547211413126
2020-08-07,-0.001170867419404198
2020-08-10,-0.0009209343848348706
2020-08-11,-0.0027657211877368804
2020-08-12,-0.002017059475067029
2020-08-13,-0.00370505574336244
2020-08-14,-0.0009295774837773108
2020-08-17,0.001353343505150706
2020-08-18,0.001436040245363035
2020-08-19,-0.0015183108255660827
2020-08-20,0.0017743681742832251
2020-08-21,0.0010120006535401238
2020-08-24,-0.0004212655318333036
2020-08-25,-0.002107514146204914
2020-08-26,-0.000168723663126924
2020-08-27,-0.0034640605866584906
2020-08-28,0.0013565880844279565
2020-08-31,0.002201422258928387
2020-09-01,0.0020730651404496925
2020-09-02,0.0020267165906278084
2020-09-03,0.00025281784537622976
2020-09-04,-0.00497122510753778
2020-09-08,0.0011011636003255276
2020-09-09,-8.477864206746233e-05
2020-09-10,8.478583009496887e-05
2020-09-11,0.001184132401341742
2020-09-14,8.4229942511449e-05
2020-09-15,8.444704411814108e-05
2020-09-16,-0.0005068636572631569
2020-09-17,0.0002536724943804636
2020-09-18,-0.0011828320504805312
2020-09-21,0.00016927232804508918
2020-09-22,0.0007609231756398049
2020-09-23,-0.002112367420048167
2020-09-24,8.451172750056912e-05
2020-09-25,0.00033854275137934486
2020-09-28,0.0008468567930564053
2020-09-29,0.0001689586705990731
2020-09-30,-0.001606482128830966
2020-10-01,0.0013741476208319892
2020-10-02,-0.0010162879963075966
2020-10-05,-0.00322342946017673
2020-10-06,0.0008511485733717628
2020-10-07,-0.0006805049777929284
2020-10-08,0.0012764306346959575
2020-10-09,0.00025454045542327997
2020-10-12,0.0019539561065460287
2020-10-13,0.0002545784244933902
2020-10-14,0.0005931664736980036
2020-10-15,-0.0008471775871704557
2020-10-16,-0.0005084080889150577
2020-10-19,-0.0011876880484226193
2020-10-20,-0.0008494859544928568
2020-10-21,-0.0011899611776291508
2020-10-22,-0.0017868428392243674
2020-10-23,0.001449048834888167
2020-10-26,0.0013622972361153618
2020-10-27,0.002295561394085599
2020-10-28,-0.0014420487204372945
2020-10-29,-0.0017839532872947483
2020-10-30,-0.0027227586051413732
2020-11-02,0.0018116883968297692
2020-11-03,-0.00042679187900940274
2020-11-04,0.006657229189376945
2020-11-05,0.0009326226483625799
2020-11-06,-0.002202421917272157
2020-11-09,-0.004668827044871371
2020-11-10,-0.0016203263994764017
2020-11-11,0.0005979787729966102
2020-11-12,0.004183500409881136
2020-11-13,0.00016949146189570996
2020-11-16,-8.45439938311765e-05
2020-11-17,0.00203994621707837
2020-11-18,0.0006789219204634822
2020-11-19,0.0018650957900487874
2020-11-20,0.0010157973878919258
2020-11-23,-0.00025372891688979493
2020-11-24,-0.0013530672793096166
2020-11-25,-0.0003386504793330136
2020-11-27,0.0016941247464021814
2020-11-30,0.0013529927219324556
2020-12-01,-0.003163960366433849
2020-12-02,-0.001103215068976704
2020-12-03,0.001699047928974018
2020-12-04,-0.002713850768738979
2020-12-07,0.0015309430820467096
2020-12-08,8.467740971140891e-05
2020-12-09,-0.0014430559006674004
2020-12-10,0.0024657209260727786
2020-12-11,0.0011022800960540646
2020-12-14,-0.0005928532325826241
2020-12-15,0.0005932049160346509
2020-12-16,-0.00042320026351039264
2020-12-17,-4.2673663157799524e-05
2020-12-18,-0.0005094945491769254
2020-12-21,0.0
2020-12-22,0.0014437190309728454
2020-12-23,-0.0006784440539320258
2020-12-24,0.0009334752504122079
2020-12-28,0.00016915802153683046
2020-12-29,0.00016942743733561194
2020-12-30,0.0005935660214442251
2020-12-31,0.0007616187622363491
2021-01-04,-0.0012688449248472455
2021-01-05,-0.0010165294224075971
2021-01-06,-0.00491863515964408
2021-01-07,-0.0010226685023948523
2021-01-08,-0.0011943596640520138
2021-01-11,-0.0016230212481959105
2021-01-12,0.0008557053984434848
2021-01-13,0.0031624861309138552
2021-01-14,-0.001959955797793733
2021-01-15,0.0010246525395731787
2021-01-19,0.0013649549138188277
2021-01-20,8.499681842311091e-05
2021-01-21,-0.00144796809722747
2021-01-22,0.0
2021-01-25,0.0025588592750380723
2021-01-26,-0.0003403303762737897
2021-01-27,8.50741484428319e-05
2021-01-28,-0.0006807597425367851
2021-01-29,-0.0011072221369559099
2021-02-01,0.0009565988343178677
2021-02-02,-0.00153562487981862
2021-02-03,-0.001195936859453628
2021-02-04,-0.0004276799959515021
2021-02-05,-0.0012837391859618075
2021-02-08,0.0010283114324507459
2021-02-09,0.00042767232275586764
2021-02-10,0.0009414231990558797
2021-02-11,-0.0011964000401573083
2021-02-12,-0.002310927731335788
2021-02-16,-0.004717872262725464
2021-02-17,0.0019824304791347114
2021-02-18,-0.0005160702072934953
2021-02-19,-0.0030983222117610953
2021-02-22,-0.0031074212026196424
2021-02-23,0.00025989197189968394
2021-02-24,-0.0003466099141378187
2021-02-25,-0.0091795671142052
2021-02-26,0.008128392728532718
2021-03-01,-0.0005210999036113773
2021-03-02,0.0001735367101338703
2021-03-03,-0.003648206574415558
2021-03-04,-0.002877735112968405
2021-03-05,-0.0006995741632525032
2021-03-08,-0.0039374281358974805
2021-03-09,0.0037777661267979212
2021-03-10,0.0016624530735707133
2021-03-11,-8.72152878368393e-05
2021-03-12,-0.005680132584926723
2021-03-15,0.0010547333846566698
2021-03-16,-0.00035059188634833927
2021-03-17,-8.835212663105274e-05
2021-03-18,-0.003864515589755424
2021-03-19,0.000793533973028282
2021-03-22,0.0019382545672124163
2021-03-23,0.0025500328260958938
2021-03-24,0.001227924396565827
2021-03-25,-0.0005256956389600997
2021-03-26,-0.0016653224217668683
2021-03-29,-0.001667715672672987
2021-03-30,0.0007911320463040994
2021-03-31,0.00017595048683993753
2021-04-01,0.003360717499173882
2021-04-05,-0.0020167971796758444
2021-04-06,0.003514691885700527
2021-04-07,-0.001576006817053277
2021-04-08,0.002455376258766906
2021-04-09,-0.001136840245507087
2021-04-12,-0.0002630943668071595
2021-04-13,0.002890736817461992
2021-04-14,-0.0007857628936008831
2021-04-15,0.003933663424579681
2021-04-16,-0.0026123954870362898
2021-04-19,-0.0007858095897648187
2021-04-20,0.0015730845125223603
2021-04-21,0.0009595438891709662
2021-04-22,0.00026181037028361054
2021-04-23,-0.00017467246244806667
2021-04-26,-0.0008714559735529814
2021-04-27,-0.0024422507937181814
2021-04-28,0.0005249322144267321
2021-04-29,-0.0005246568051681111
2021-04-30,0.0010494053713854257
2021-05-03,0.0006383381197228033
2021-05-04,0.0012240757506285505
2021-05-05,0.0007859110904324673
2021-05-06,0.00017440812339342138
2021-05-07,-0.00026164277979079387
2021-05-10,-0.0015705724638290786
2021-05-11,-0.002184714132526522
2021-05-12,-0.0035037470458082476
2021-05-13,0.002285351046461326
2021-05-14,0.0022800635108013445
2021-05-17,-0.0008749407966411882
2021-05-18,-0.0012259591807004533
2021-05-19,-0.0014026518553902356
2021-05-20,0.003424145001241552
2021-05-21,0.00043712638709081375
2021-05-24,0.0009620525662772383
2021-05-25,0.0024467919512294323
2021-05-26,-0.0003484818346228824
2021-05-27,-0.0012210257774478706
2021-05-28,0.0
2021-06-01,-0.00046313528553898475
2021-06-02,0.0013119089465596367
2021-06-03,-0.002358525075904505
2021-06-04,0.004114947185858142
2021-06-07,-0.0006973163287352646
2021-06-08,0.0018324368578193084
2021-06-09,0.002003178823889895
2021-06-10,0.002086464034242619
2021-06-11,-0.00043372449768463994
2021-06-14,-0.0025169359206875797
2021-06-15,0.0004351593910745244
2021-06-16,-0.003217701439794496
2021-06-17,0.0031407831718628376
2021-06-18,0.0026960933279884802
2021-06-21,-0.0026020460246963806
2021-06-22,0.0010436854752606806
2021-06-23,-0.0005210712892220748
2021-06-24,0.0003471575283020556
2021-06-25,-0.0019983815550339568
2021-06-28,0.0028729282775123988
2021-06-29,0.000521315542004519
2021-06-30,0.0006940186838488849
2021-07-01,-0.0005556317495167828
2021-07-02,0.0021717637858520433
2021-07-06,0.003207121162400073
2021-07-07,0.0017286005968981666
2021-07-08,0.0011212268787821333
2021-07-09,-0.003274258402917729
2021-07-12,-0.0006053205393307115
2021-07-13,-0.0021622210670013686
2021-07-14,0.0033806035783296995
2021-07-15,0.002159530355966499
2021-07-16,-0.0008616502976643847
2021-07-19,0.00526306531231624
2021-07-20,-0.0009438755250877895
2021-07-21,-0.0032649935209114744
2021-07-22,0.0023275262077617764
2021-07-23,-0.0006880054495007615
2021-07-26,-0.0008605426786957304
2021-07-27,0.0023251962594859066
2021-07-28,0.0009455288538271489
2021-07-29,-0.001631534646289512
2021-07-30,0.0013763426682706914
2021-08-02,0.002123845422297377
2021-08-03,0.0003428845045094775
2021-08-04,-8.544920235220577e-05
2021-08-05,-0.0022306013548101244
2021-08-06,-0.004470577710303791
2021-08-09,-0.001813588062672844
2021-08-10,-0.001297719904622241
2021-08-11,0.0009524707522439169
2021-08-12,8.667014652452565e-05
2021-08-13,0.0036350119155474925
2021-08-16,0.0005169672306095663
2021-08-17,-0.0007754625706964946
2021-08-18,8.637111785825269e-05
2021-08-19,0.0017245719615242017
2021-08-20,8.614007019591696e-05
2021-08-23,0.0
2021-08-24,-0.0014634311847679937
2021-08-25,-0.001896720362197346
2021-08-26,8.67985558823392e-05
2021-08-27,0.002763486272891358
2021-08-30,0.001119703514618875
2021-08-31,-0.0014624748475734473
2021-09-01,0.00031926517585301184
2021-09-02,0.001035201109210293
2021-09-03,-0.001723600867519548
2021-09-07,-0.0026758040854271137
2021-09-08,0.0016445885614928546
2021-09-09,0.0031971481348553876
2021-09-10,-0.0019813171920610717
2021-09-13,0.0012944091855069395
2021-09-14,0.0022411714654915205
2021-09-15,-0.0009460159035569182
2021-09-16,-0.0017215216606237815
2021-09-17,-0.0008623950295123528
2021-09-20,0.001898726726933031
2021-09-21,0.0004307518183286341
2021-09-22,0.0003443932384326054
2021-09-23,-0.00490598886132354
2021-09-24,-0.0017301606207357212
2021-09-27,-0.0013863618040723669
2021-09-28,-0.004164708652815707
2021-09-29,0.0006971597741081137
2021-09-30,-0.0001745089147429102
2021-10-01,0.0030528124216955277
2021-10-04,-0.0006955800796182299
2021-10-05,-0.0023494998821399493
2021-10-06,0.0004359322902278695
2021-10-07,-0.0027896735569968856
2021-10-08,-0.002185868267614355
2021-10-11,-0.0015768715773839537
2021-10-12,0.0036856347934646205
2021-10-13,0.002273580835968847
2021-10-14,0.0019192838386525857
2021-10-15,-0.0024383888779381246
2021-10-18,-0.0006981150817083615
2021-10-19,-0.002882371003764206
2021-10-20,-0.0007004702777675398
2021-10-21,-0.0021041764260008033
2021-10-22,0.0019327558533754896
2021-10-25,0.0009642856137939138
2021-10-26,0.0018394186248902322
2021-10-27,0.003322407530962357
2021-10-28,-0.0007845607514186392
2021-10-29,-0.00026127173069390164
2021-11-01,-0.0006115840511167203
2021-11-02,0.0020106120219107737
2021-11-03,-0.0020065775729198876
2021-11-04,0.0033219728997029296
2021-11-05,0.003920604236519187
2021-11-08,-0.001822650519747393
2021-11-09,0.002782303797845831
2021-11-10,-0.0067631096637661425
2021-11-11,-0.0018330843833471722
2021-11-12,-0.00017504073616780857
2021-11-15,-0.0036736960363871196
2021-11-16,-0.0003513577876124163
2021-11-17,0.002371148566445491
2021-11-18,0.0008766625419842633
2021-11-19,0.001925709756722238
2021-11-22,-0.004805475333139353
2021-11-23,-0.003951159366646473
2021-11-24,0.0022919309663429477
2021-11-26,0.0071232862105905514
2021-11-29,0.0005240700535709131
2021-11-30,0.0016583835669388147
2021-12-01,0.00019181584712790745
2021-12-02,-0.00017442690350899515
2021-12-03,0.004013424159805323
2021-12-06,-0.003476326558097931
2021-12-07,-0.0015695967036959413
2021-12-08,-0.00262005665987719
2021-12-09,8.747376449735889e-05
2021-12-10,0.0002628527099426403
2021-12-13,0.0035015862789238295
2021-12-14,-0.0019191486035740057
2021-12-15,-0.0007868838778604115
2021-12-16,0.0013747648458415362
2021-12-17,0.0012243561893672261
2021-12-20,-0.0014848301201627612
2021-12-21,-0.0007870821204880585
2021-12-22,0.0008754262276819968
2021-12-23,-0.0012244945144442854
2021-12-27,0.0005253943237593095
2021-12-28,-0.000437409663751831
2021-12-29,-0.002977200189745677
2021-12-30,0.002195449394918114
2021-12-31,-0.00035058415299094037
2022-01-03,-0.006837084622042355
2022-01-04,-8.845192283424286e-05
2022-01-05,-0.0030893041565633883
2022-01-06,-0.0010623586473225144
2022-01-07,-0.0029252824316884363
2022-01-10,-0.0008891220900489882
2022-01-11,0.0018686104499514578
2022-01-12,0.0
2022-01-13,0.0017762768865108303
2022-01-14,-0.005585224689566792
2022-01-18,-0.0060619233332214195
2022-01-19,0.002152427880066643
2022-01-20,0.0005370092135934534
2022-01-21,0.003936108486111589
2022-01-24,-0.0011585285870971962
2022-01-25,-0.0009811518048615797
2022-01-26,-0.005625312672729366
2022-01-27,0.0033222872299778494
2022-01-28,0.0007160122847911232
2022-01-31,-8.939886334380365e-05
2022-02-01,-0.0003493590293431881
2022-02-02,0.001075267071681596
2022-02-03,-0.004027804600551299
2022-02-04,-0.006291173795769267
2022-02-07,0.0009046630994047344
2022-02-08,-0.0030722949278408906
2022-02-09,0.0006345243155347902
2022-02-10,-0.009239035687664376
2022-02-11,0.006582228283343428
2022-02-14,-0.005812914374949352
2022-02-15,-0.0016442761488614233
2022-02-16,0.0011894316076825895
2022-02-17,0.0021023520512026828
2022-02-18,0.002097705388844684
2022-02-22,-0.001092198085944407
2022-02-23,-0.004464593465978828
2022-02-24,0.0018303086511042288
2022-02-25,0.0010048660738140036
2022-02-28,0.00721013639232404
2022-03-01,0.005635374370025703
2022-03-02,-0.01200162460380838
2022-03-03,0.003379469748812536
2022-03-04,0.004005259215860146
2022-03-07,-0.005802576507039303
2022-03-08,-0.0035565553973467834
2022-03-09,-0.0021046550504508765
2022-03-10,-0.005594546139126466
2022-03-11,-0.00018439328887864814
2022-03-14,-0.009685412802083126
2022-03-15,0.0022357350929933517
2022-03-16,0.0007431822852497216
2022-03-17,0.0016718183332344871
2022-03-18,0.0022249713682387373
2022-03-21,-0.009805705176677004
2022-03-22,-0.0027091869960311765
2022-03-23,0.004121704258580827
2022-03-24,-0.0022389593227061244
2022-03-25,-0.00794777720384976
2022-03-28,0.002450403702406234
2022-03-29,0.004701412748289613
2022-03-30,0.0027139917654006585
2022-03-31,-0.00046701239572632947
2022-04-01,-0.0017768275339981043
2022-04-04,0.0008433017139510834
2022-04-05,-0.010108356610725955
2022-04-06,-0.0025532607060220203
2022-04-07,-0.002180156709057579
2022-04-08,-0.005035253063570555
2022-04-11,-0.004296274139593326
2022-04-12,0.003164079808716691
2022-04-13,0.0020072442342298213
2022-04-14,-0.008108984142927156
2022-04-18,-0.003077962672474066
2022-04-19,-0.006078004795882719
2022-04-20,0.005727265729065456
2022-04-21,-0.0055013868030804325
2022-04-22,-0.0009706645278878545
2022-04-25,0.006702906149621324
2022-04-26,0.0030880610769592476
2022-04-27,-0.004040638737340063
2022-04-28,-0.00038624550591848106
2022-04-29,-0.005990988666058739
2022-05-02,-0.005443635288810533
2022-05-03,0.0022521236825163715
2022-05-04,0.006447849524285898
2022-05-05,-0.009901063542332889
2022-05-06,-0.00421578140532386
2022-05-09,0.004922933082431635
2022-05-10,0.003037039124496932
2022-05-11,0.0037116934151470993
2022-05-12,0.0018490256247429837
2022-05-13,-0.004274125871326473
2022-05-16,0.0022437752783841525
2022-05-17,-0.005450627402983299
2022-05-18,0.004012898753190441
2022-05-19,0.0025337019265776473
2022-05-20,0.003014341728192038
2022-05-23,-0.0032958481036680087
2022-05-24,0.007683229738974395
2022-05-25,0.004150106928711983
2022-05-26,-0.000768589775172801
2022-05-27,0.0016353251373260047
2022-05-31,-0.006338495272391387
2022-06-01,-0.004105185013808965
2022-06-02,0.0012640461609323417
2022-06-03,-0.0016506725772975628
2022-06-06,-0.006127131135727382
2022-06-07,0.0038161616542848886
2022-06-08,-0.004094339504406408
2022-06-09,-0.0010766416498987352
2022-06-10,-0.007741563341258306
2022-06-13,-0.0163933815696915
2022-06-14,-0.005923610661724754
2022-06-15,0.011110161776192395
2022-06-16,0.0023974573921146103
2022-06-17,-9.975834224862368e-05
2022-06-21,-0.003986460895697208
2022-06-22,0.008504984710717922
2022-06-23,0.004167308693778349
2022-06-24,-0.001580961862311825
2022-06-27,-0.004453363517194497
2022-06-28,0.0003975306412120627
2022-06-29,0.00576318121607633
2022-06-30,0.004544700933919232
2022-07-01,0.008335166692375884
2022-07-05,0.0018564907876827963
2022-07-06,-0.006729407382597752
2022-07-07,-0.00225858505518306
2022-07-08,-0.0037397405933319305
2022-07-11,0.004643016206906214
2022-07-12,0.0013765663552680607
2022-07-13,0.003633007062467719
2022-07-14,-0.003522092279671596
2022-07-15,0.003927398730004361
2022-07-18,-0.0032274536541957444
2022-07-19,-0.0013737630068269002
2022-07-20,-0.0006875742473014812
2022-07-21,0.008357167556431788
2022-07-22,0.0078002528012632855
2022-07-25,-0.0036762566627236426
2022-07-26,-0.00019439788495101418
2022-07-27,0.003496435511999074
2022-07-28,0.007162347114207268
2022-07-29,9.6190162525156e-05
2022-08-01,0.0034655544097879076
2022-08-02,-0.010265646016833663
2022-08-03,0.004459077378550891
2022-08-04,0.002412714318028364
2022-08-05,-0.011167756470551238
2022-08-08,0.004575631178804329
2022-08-09,-0.002228610593290381
2022-08-10,0.002525041403911077
2022-08-11,-0.005328744044563849
2022-08-12,0.004481044702652426
2022-08-15,0.00126068779648425
2022-08-16,-0.0014531962792486697
2022-08-17,-0.0059164045831201495
2022-08-18,0.0021466376993601877
2022-08-19,-0.007009971050127239
2022-08-22,-0.004314322307638174
2022-08-23,-0.00039368125608052473
2022-08-24,-0.0026601194395646788
2022-08-25,0.005531535105786078
2022-08-26,-0.001866442031549842
2022-08-29,-0.004822562749912884
2022-08-30,0.0012857072770644518
2022-08-31,-0.005333311968938381
2022-09-01,-0.004337701981958708
2022-09-02,0.002897899599713316
2022-09-06,-0.00936627245281707
2022-09-07,0.006940055304449633
2022-09-08,-0.0031962822003087643
2022-09-09,-0.00010033752690108422
2022-09-12,-0.0015033350843632887
2022-09-13,-0.005620570360365118
2022-09-14,0.0013118031663905683
2022-09-15,-0.003023992389809549
2022-09-16,-0.0007076493857072208
2022-09-19,-0.0015180443009231714
2022-09-20,-0.00445889975579894
2022-09-21,0.003155636914741189
2022-09-22,-0.01065442877603684
2022-09-23,-0.0030768926888554704
2022-09-26,-0.01286026174649213
2022-09-27,-0.004272795302101007
2022-09-28,0.01611856367228226
2022-09-29,-0.00525330464532292
2022-09-30,-0.0023816246933625607
2022-10-03,0.008124462103327401
2022-10-04,0.00268287799511846
2022-10-05,-0.005248231542766768
2022-10-06,-0.003931716423457576
2022-10-07,-0.005296834413297757
2022-10-10,-0.004490211605050698
2022-10-11,0.0006299043219659684
2022-10-12,0.0008384227385023202
2022-10-13,-0.003142052511985627
2022-10-14,-0.005463283414035791
2022-10-17,0.002112847165302245
2022-10-18,0.001686480912648447
2022-10-19,-0.008629837080058267
2022-10-20,-0.006050777245286465
2022-10-21,0.0014953176650995825
2022-10-24,-0.0013864490518964434
2022-10-25,0.009824766139801877
2022-10-26,0.004441654148400254
2022-10-27,0.005053499053487176
2022-10-28,-0.0025138666605860616
2022-10-31,-0.0033608350251211894
2022-11-01,0.001858961884292798
2022-11-02,-0.001686756426684144
2022-11-03,-0.003695974766538046
2022-11-04,-0.0001057392590357864
2022-11-07,-0.003179976909355231
2022-11-08,0.004253254667186512
2022-11-09,0.0011649877392878594
2022-11-10,0.02147017458070799
2022-11-11,-0.0007249288202993975
2022-11-14,-0.002797742994588792
2022-11-15,0.007377329160380475
2022-11-16,0.006189001097900437
2022-11-17,-0.0042029215648862195
2022-11-18,-0.0014412374153721652
2022-11-21,-0.0006184147487587888
2022-11-22,0.005157345281173065
2022-11-23,0.0059524099733796465
2022-11-25,0.0002042528737125071
2022-11-28,-0.0016320452310419897
2022-11-29,-0.0035758104401842905
2022-11-30,0.007792513699983239
2022-12-01,0.00832115354440055
2022-12-02,0.004146357163302694
2022-12-05,-0.007855692242014767
2022-12-06,0.0029438528566747557
2022-12-07,0.008906894591424352
2022-12-08,-0.003009663784595551
2022-12-09,-0.005936916019580907
2022-12-12,0.00020245188683354343
2022-12-13,0.006679388659095897
2022-12-14,0.002211746875002474
2022-12-15,0.0014677912034750662
2022-12-16,-0.0026100565214111082
2022-12-19,-0.0061399556284399415
2022-12-20,-0.006785456122843758
2022-12-21,0.0027532536553975806
2022-12-22,-0.00030519161507935877
2022-12-23,-0.0034582048893840867
2022-12-27,-0.007247186313982912
2022-12-28,-0.0017478126077459244
2022-12-29,0.0037077971593415526
2022-12-30,-0.004720552053458338
2023-01-03,0.0058770889133028525
2023-01-04,0.005535032353257474
2023-01-05,-0.0008155484124051648
2023-01-06,0.01091619556020551
2023-01-09,0.0025228490715323293
2023-01-10,-0.0038253729164787753
2023-01-11,0.00616415380082147
2023-01-12,0.007231149997192654
2023-01-13,-0.0036894406433788385
2023-01-17,-0.0018013496853805933
2023-01-18,0.00992606421596931
2023-01-19,-0.0022836713890764804
2023-01-20,-0.004079264117457959
2023-01-23,-0.002498233687191931
2023-01-24,0.004407260434192706
2023-01-25,0.001196813101953964
2023-01-26,-0.0016933182898393184
2023-01-27,-0.00149634129388021
2023-01-30,-0.002697872534319079
2023-01-31,0.004107547902707731
2023-02-01,0.00705179113337695
2023-02-02,0.001092503054440197
2023-02-03,-0.009623878485297332
2023-02-06,-0.00550966186714108
2023-02-07,-0.0017126496086244947
2023-02-08,0.0014126270050964784
2023-02-09,-0.003929709021234684
2023-02-10,-0.004350011445155899
2023-02-13,0.0030483144226682857
2023-02-14,-0.0035454166265601605
2023-02-15,-0.0019317058031843581
2023-02-16,-0.004176002324215111
2023-02-17,0.002352400483301098
2023-02-21,-0.009387604689598872
2023-02-22,0.0026780376098458625
2023-02-23,0.0035955950390880176
2023-02-24,-0.005732151173985955
2023-02-27,0.0019557597601951304
2023-02-28,-0.00010240122652949157
2023-03-01,-0.005727957263756411
2023-03-02,-0.0020716141324604864
2023-03-03,0.007890098411597712
2023-03-06,-0.002472150435002596
2023-03-07,-0.0013424073323262675
2023-03-08,-0.0010340759301968871
2023-03-09,0.0036229252383381816
2023-03-10,0.01165423543597588
2023-03-13,0.007952059917392562
2023-03-14,-0.005866354687469544
2023-03-15,0.009970528058194983
2023-03-16,-0.0039289788667650205
2023-03-17,0.006270656318382528
2023-03-20,-0.0040203198451602695
2023-03-21,-0.0030271566402826355
2023-03-22,0.009615315096077826
2023-03-23,0.002405894048662205
2023-03-24,0.0017003473731267427
2023-03-27,-0.010782834054404056
2023-03-28,-0.0015138414541155942
2023-03-29,0.0012131301782718484
2023-03-30,0.0011105259688213298
2023-03-31,0.004840332505155365
2023-04-03,0.004346810684325186
2023-04-04,0.0037067371333017185
2023-04-05,0.0033931865356524593
2023-04-06,-0.0008952080437311105
2023-04-10,-0.006869633776712236
2023-04-11,0.000601528022357023
2023-04-12,0.0012021648373419236
2023-04-13,-0.0004000447271645946
2023-04-14,-0.004905341362381299
2023-04-17,-0.005030214344071915
2023-04-18,0.0014153738811095717
2023-04-19,-0.0015146007256033878
2023-04-20,0.004550779428842633
2023-04-21,-0.0017115320452162353
2023-04-24,0.003932715286915522
2023-04-25,0.0062274833209552405
2023-04-26,-0.003693416940333094
2023-04-27,-0.0036069144382651075
2023-04-28,0.005128075020149447
2023-05-01,-0.010239464240115792
2023-05-02,0.009727483049981611
2023-05-03,0.004415373353297447
2023-05-04,-0.0011989902817630682
2023-05-05,-0.0032008109925624195
2023-05-08,-0.0055193006021756474
2023-05-09,-0.0009080572232990081
2023-05-10,0.006463859124388627
2023-05-11,0.0030105428576510107
2023-05-12,-0.00560262286743507
2023-05-15,-0.0025154042112136565
2023-05-16,-0.0023198321995070437
2023-05-17,-0.0015166173582860099
2023-05-18,-0.004657939672590206
2023-05-19,-0.0022380059341607916
2023-05-22,-0.0009176712327716441
2023-05-23,0.0011226283771543777
2023-05-24,-0.0025483965635088035
2023-05-25,-0.0036790565180776502
2023-05-26,0.0008203869722034351
2023-05-30,0.00666218344687497
2023-05-31,0.0035632935811338307
2023-06-01,0.003031227933614211
2023-06-02,-0.00527341577846796
2023-06-05,-0.00010185626669401149
2023-06-06,0.001223250015262911
2023-06-07,-0.0052953495837742
2023-06-08,0.005323539586910009
2023-06-09,-0.0023420235994313643
2023-06-12,0.0017353800023376387
2023-06-13,-0.004687504381708951
2023-06-14,0.0009214935007941794
2023-06-15,0.006955293564500309
2023-06-16,-0.003148793206854128
2023-06-20,0.0018340930561524527
2023-06-21,0.0016270752376825737
2023-06-22,-0.005178586762647819
2023-06-23,0.0029600036025352328
2023-06-26,0.0012214337821372379
2023-06-27,-0.0019313444066119123
2023-06-28,0.0029532865005563735
2023-06-29,-0.0077171113460091645
2023-06-30,0.0023535271372510103
2023-07-03,-0.00117702311917256
2023-07-05,-0.00450922593525227
2023-07-06,-0.006485695266087221
2023-07-07,0.00020754289126379
2023-07-10,0.0027969391018169976
2023-07-11,0.002169320048564627
2023-07-12,0.00814377186703541
2023-07-13,0.006237120464887447
2023-07-14,-0.004775906905019833
2023-07-17,0.001123120372192421
2023-07-18,0.0008156902321541093
2023-07-19,0.003057426106480854
2023-07-20,-0.005181587099466589
2023-07-21,0.0007148359334729903
2023-07-24,-0.001836703112395588
2023-07-25,-0.001124528115754142
2023-07-26,0.0032753856864342623
2023-07-27,-0.008569871005989715
2023-07-28,0.003910049935072157
2023-07-31,0.0012300646314682417
2023-08-01,-0.006620835983475848
2023-08-02,-0.002376700873442883
2023-08-03,-0.0067330004756133155
2023-08-04,0.008238597507502332
2023-08-07,0.00020678741507240694
2023-08-08,0.0023785930571025293
2023-08-09,0.0007221459871431524
2023-08-10,-0.006495136942814561
2023-08-11,-0.003112908995939412
2023-08-14,-0.0007285243129986352
2023-08-15,-0.0027083152588877057
2023-08-16,-0.002402270273211604
2023-08-17,-0.0010470371107994536
2023-08-18,0.0022008651826832537
2023-08-21,-0.005019910730730492
2023-08-22,0.001050934898711553
2023-08-23,0.009555270502136226
2023-08-24,-0.0022884077016945836
2023-08-25,-0.0006251260369620759
2023-08-28,0.0021903048056652885
2023-08-29,0.006452945877415628
2023-08-30,-0.00041348932575591135
2023-08-31,0.0014481545812756735
2023-09-01,-0.005179131446758856
2023-09-05,-0.005414476104168453
2023-09-06,-0.0009421725365800215
2023-09-07,0.0031437102647315918
2023-09-08,0.0005223385279111703
2023-09-11,-0.0011486484852316625
2023-09-12,0.00031356512477831444
2023-09-13,0.0014629893013233808
2023-09-14,-0.0013564006911056525
2023-09-15,-0.002298458710121243
2023-09-18,0.0014657730978393513
2023-09-19,-0.0029277745816013168
2023-09-20,-0.000524159947134506
2023-09-21,-0.006820864919007796
2023-09-22,0.0042261275886879
2023-09-25,-0.007890522686090473
2023-09-26,-0.0012724824013771174
2023-09-27,-0.0035039607986480092
2023-09-28,0.002983303391870251
2023-09-29,-0.0009558218692571341
2023-10-02,-0.006962929128139117
2023-10-03,-0.007838497781020637
2023-10-04,0.007034644790709033
2023-10-05,0.0006447994072669161
2023-10-06,-0.0038664806767235715
2023-10-09,0.010350428107690268
2023-10-10,-0.0009602991533924632
2023-10-11,0.004592927195282703
2023-10-12,-0.008612500886032715
2023-10-13,0.0042899036921930644
2023-10-16,-0.005552788408019982
2023-10-17,-0.007195289344390399
2023-10-18,-0.004651142866398783
2023-10-19,-0.0038035212854988787
2023-10-20,0.003599784531348904
2023-10-23,0.0039133106100166515
2023-10-24,0.003572533406966061
2023-10-25,-0.007443995788251501
2023-10-26,0.0067391520556494555
2023-10-27,-0.00032371837499078904
2023-10-30,-0.0023761886401145738
2023-10-31,-0.0006497249298311747
2023-11-01,0.011050627923104628
2023-11-02,0.006018191510333892
2023-11-03,0.006089044175689118
2023-11-06,-0.004990374906980732
2023-11-07,0.00533553766714201
2023-11-08,0.003396610828344082
2023-11-09,-0.00835701111089071
2023-11-10,0.00234675187269362
2023-11-13,-0.00010654415751931712
2023-11-14,0.012560329287171657
2023-11-15,-0.0062024783626632995
2023-11-16,0.005500390585505777
2023-11-17,0.001998837335882797
2023-11-20,0.0015750497201172386
2023-11-21,0.0010481519596157174
2023-11-22,0.0009423145847471392
2023-11-24,-0.004603012344144952
2023-11-27,0.005675117688774378
2023-11-28,0.004389482640731801
2023-11-29,0.0048901613746406
2023-11-30,-0.0033134304357617106
2023-12-01,0.00879295094103183
2023-12-04,-0.0038209243085788325
2023-12-05,0.006634840407959475
2023-12-06,0.0025744396226496935
2023-12-07,0.00030829787219710525
2023-12-08,-0.00503190223829042
2023-12-11,0.00010311275218577443
2023-12-12,0.0029928395661584783
2023-12-13,0.01255282564116178
2023-12-14,0.008071098750144001
2023-12-15,-0.002325197402413215
2023-12-18,-0.0020266302899764055
2023-12-19,0.00121824821221872
2023-12-20,0.0036508782652686644
2023-12-21,-0.00010090435424203736
2023-12-22,-0.0013137072604000322
2023-12-26,0.0020235111622077806
2023-12-27,0.006361630085737868
2023-12-28,-0.002207152786856459
2023-12-29,-0.0019106705976746907
2024-01-02,-0.004735634400387934
2024-01-03,0.0005061545428177716
2024-01-04,-0.004047353355647099
2024-01-05,-0.002336772820511701
2024-01-08,0.0037677330069301185
2024-01-09,-0.00020262767099077372
2024-01-10,-0.0019280917709272316
2024-01-11,0.005693503576879033
2024-01-12,0.001819676567538453
2024-01-16,-0.007467359498005588
2024-01-17,-0.002744889047360366
2024-01-18,-0.0009176203706554587
2024-01-19,0.00020405656097333136
2024-01-22,0.0018363012568740622
2024-01-23,-0.0024439416765559274
2024-01-24,-0.0022457892703572346
2024-01-25,0.004501855745639993
2024-01-26,-0.0011205449258875344
2024-01-29,0.0039768050286352885
2024-01-30,0.0019295221035278143
2024-01-31,0.004561892350848362
2024-02-01,0.0056979490305133496
2024-02-02,-0.009157684409278444
2024-02-05,-0.008226993187709697
2024-02-06,0.0052231472650277055
2024-02-07,-0.0020375295564738494
2024-02-08,-0.003062700830794629
2024-02-09,-0.00030728612989738835
2024-02-12,0.00020480901934827322
2024-02-13,-0.00921627236894551
2024-02-14,0.004444455682716342
2024-02-15,0.002366712959272377
2024-02-16,-0.0031824621097392702
2024-02-20,0.0009268389325094439
2024-02-21,-0.0029837621951350757
2024-02-22,0.0008254076081242179
2024-02-23,0.0037122799712283605
2024-02-26,-0.0021575712285856197
2024-02-27,-0.0013383633833315978
2024-02-28,0.0019588268056622837
2024-02-29,0.0016462251980691178
2024-03-01,0.00480105413101839
2024-03-04,-0.002460669594582243
2024-03-05,0.005447619687549032
2024-03-06,0.0015334005442873
2024-03-07,0.0021432913735117687
2024-03-08,0.0009166835748091184
2024-03-11,-0.0011192178399037633
2024-03-12,-0.0025468432959550036
2024-03-13,-0.0018385056442764558
2024-03-14,-0.0063439987633638895
2024-03-15,-0.0001029015645642728
2024-03-18,-0.0010301263818196515
2024-03-19,0.0024742827321084793
2024-03-20,0.0020568688834927684
2024-03-21,0.0007185390501485145
2024-03-22,0.0031791972583206096
2024-03-25,-0.00184036326165804
2024-03-26,0.0010244294189616365
2024-03-27,0.0032737877859445597
2024-03-28,-0.0012234363811425286
2024-04-01,-0.007270991737437504
2024-04-02,-0.000722364377718776
2024-04-03,0.0006196170559051861
2024-04-04,0.002372724292280859
2024-04-05,-0.0049402215586199505
2024-04-08,-0.0009310842528111873
2024-04-09,0.003416597725664605
2024-04-10,-0.011968397768890138
2024-04-11,0.00020842509780183427
2024-04-12,0.0018795823124087008
2024-04-15,-0.006044234272242988
2024-04-16,-0.002830474131190086
2024-04-17,0.00462597950361987
2024-04-18,-0.002826116780643151
2024-04-19,0.001049843442383791
2024-04-22,0.0006291264644486816
2024-04-23,0.0020954865750406615
2024-04-24,-0.0026140927741864495
2024-04-25,-0.0028302627607006414
2024-04-26,0.002207705509266633
2024-04-29,0.003041919057961806
2024-04-30,-0.004078380184896702
2024-05-01,0.0035283845203621933
2024-05-02,0.004513648806074633
2024-05-03,0.0051201367103779205
2024-05-06,0.0007278420897729454
2024-05-07,0.0020777484957148484
2024-05-08,-0.0020734404080260393
2024-05-09,0.0018697889424623693
2024-05-10,-0.0020737869955027577
2024-05-13,0.000519713072030692
2024-05-14,0.0026999459406515935
2024-05-15,0.006628608105298417
2024-05-16,-0.0011317105717980613
2024-05-17,-0.0031933580815811657
2024-05-20,-0.000929925848957347
2024-05-21,0.0018618336064268881
2024-05-22,-0.0012388601251992482
2024-05-23,-0.002790892807511325
2024-05-24,0.0011400729918140673
2024-05-28,-0.004659110649505749
2024-05-29,-0.003848965332577836
2024-05-30,0.0046990058824711856
2024-05-31,0.0032222348315353866
2024-06-03,0.006048743793613198
2024-06-04,0.003615615383680826
2024-06-05,0.00308778011124633
2024-06-06,0.00030819952943361706
2024-06-07,-0.008822303332917891
2024-06-10,-0.0008278968468378167
2024-06-11,0.0034180606355063148
2024-06-12,0.0047488080159212576
2024-06-13,0.005034363393611629
2024-06-14,0.0010221552626747954
2024-06-17,-0.0035742605847660647
2024-06-18,0.003587081749678367
2024-06-20,-0.0017359965549931244
2024-06-21,0.00010219806611599935
2024-06-24,0.0008182426662661779
2024-06-25,-0.00010202173482898313
2024-06-26,-0.004497649390211911
2024-06-27,0.0016428679676814273
2024-06-28,-0.004920520138124718
2024-07-01,-0.005363312954149491
2024-07-02,0.0033247737827089008
2024-07-03,0.005384594081279559
2024-07-05,0.005047041640968031
2024-07-08,0.0003073282141046185
2024-07-09,-0.0009221950579132443
2024-07-10,0.0010256618891664182
2024-07-11,0.00512173857742626
2024-07-12,0.0027518780831246037
2024-07-15,-0.0034556305252315678
2024-07-16,0.004079405346992138
2024-07-17,0.0007111158245092231
2024-07-18,-0.0027404603781048253
2024-07-19,-0.0020356731217251456
2024-07-22,-0.00040799787228396056
2024-07-23,-0.00010202061455599765
2024-07-24,-0.0030612585252245417
2024-07-25,0.0027635434219848154
2024-07-26,0.0035725074568990767
2024-07-29,0.0016273466114318236
2024-07-30,0.0010153372191796795
2024-07-31,0.0053764807461651465
2024-08-01,0.004190065799437592
2024-08-02,0.011187220618062543
2024-08-05,-0.0007973205687559215
2024-08-06,-0.005984955507379541
2024-08-07,-0.003010575783365166
2024-08-08,-0.0015099542460330628
2024-08-09,0.0035282047738960376
2024-08-12,0.00170767213853118
2024-08-13,0.004011150318614876
2024-08-14,0.001797914333004691
2024-08-15,-0.004187524661787734
2024-08-16,0.0024028992231681645
2024-08-19,0.0010988853682862842
2024-08-20,0.0029929950160687557
2024-08-21,0.0018899787084698527
2024-08-22,-0.004070614663132077
2024-08-23,0.004585806715893703
2024-08-26,-0.0008933173458424148
2024-08-27,0.0002980652005697415
2024-08-28,-0.0008936111414548087
2024-08-29,-0.0012918023467608508
2024-08-30,-0.00238839191809459
2024-09-03,0.004222438184105393
2024-09-04,0.004384425903297684
2024-09-05,0.0025791204242011645
2024-09-06,0.0012864402890857551
2024-09-09,0.001482301476551262
2024-09-10,0.0030589046085989224
2024-09-11,-0.0002949303081880572
2024-09-12,-0.0008857588637152247
2024-09-13,0.0020683671196766173
2024-09-16,0.0023590025457205233
2024-09-17,-0.0009804675093243453
2024-09-18,-0.0031410139947170013
2024-09-19,9.824001828362405e-05
2024-09-20,-0.0008858021676534378
2024-09-23,-0.0003942136793877449
2024-09-24,0.0013800559528929224
2024-09-25,-0.0038393285665659915
2024-09-26,0.00019759286924037056
2024-09-27,0.0028654375269319132
2024-09-30,-0.002265967581132622
2024-10-01,0.002644627942842259
2024-10-02,-0.002074653406241578
2024-10-03,-0.004058679602598647
2024-10-04,-0.006460445874457044
2024-10-07,-0.0034014076591100117
2024-10-08,0.001706628179598546
2024-10-09,-0.0026056199094720567
2024-10-10,-0.0006027570438185137
2024-10-11,0.00030144028938261513
2024-10-14,-0.0009042882794579876
2024-10-15,0.004023630594769623
2024-10-16,0.0013024294423045202
2024-10-17,-0.004902918612474827
2024-10-18,0.0007038222283959339
2024-10-21,-0.006933322245561757
2024-10-22,0.00020250314825975835
2024-10-23,-0.0025292070769176167
2024-10-24,0.0019270971668412518
2024-10-25,-0.0020245623376147215
2024-10-28,-0.0016229194615623443
2024-10-29,0.0011175253818043185
2024-10-30,-0.001014687982032192
2024-10-31,-0.00020322456103816222
2024-11-01,-0.003975084811350338
2024-11-04,0.004195594499952104
2024-11-05,0.002343709770916469
2024-11-06,-0.007828186050592989
2024-11-07,0.007582613790416248
2024-11-08,0.0017289767615100704
2024-11-11,-0.0022336753292991895
2024-11-12,-0.005799765236067067
2024-11-13,-0.0002045851261255338
2024-11-14,-0.0004094163819010621
2024-11-15,0.00010251786975024046
2024-11-18,0.0009214290825731997
2024-11-19,0.0014322400489179543
2024-11-20,-0.0010215307499717996
2024-11-21,-0.0005113687892094321
2024-11-22,0.0007162338936650414
2024-11-25,0.008996920492652993
2024-11-26,-0.0015198752077076882
2024-11-27,0.0027400846417118263
2024-11-29,0.003947004411107624
2024-12-02,0.000121467069509551
2024-12-03,-0.0019212493261753227
2024-12-04,0.003241785166423483
2024-12-05,0.00020186204964711685
2024-12-06,0.0028269353529941643
2024-12-09,-0.0029195925085074848
2024-12-10,-0.0012116888048450125
2024-12-11,-0.002324954522533673
2024-12-12,-0.004053152749493472
2024-12-13,-0.0037643335709608428
2024-12-16,0.0009190801639631374
2024-12-17,0.0
2024-12-18,-0.007615688809491261
2024-12-19,-0.002578775875360262
2024-12-20,0.0026888804425519996
2024-12-23,-0.0030939842005199836
2024-12-24,0.0011377915004617822
2024-12-26,0.0007234558022426452
2024-12-27,-0.002065185064120567
2024-12-30,0.003932159462764373
2024-12-31,-0.0012369094762620936
2025-01-02,0.0001032237786591228
2025-01-03,-0.0010320499118825488
2025-01-06,-0.0010328718845612483
2025-01-07,-0.0035155257644255977
2025-01-08,0.00114146073112531
2025-01-10,-0.00559720499215921
2025-01-13,-0.0009380635683072791
2025-01-14,0.00031298145260039156
2025-01-15,0.008656663436715784
2025-01-16,0.0021713877084394984
2025-01-17,0.0
2025-01-21,0.003301829058779404
2025-01-22,-0.002365278234292889
2025-01-23,-0.0016493826799380829
2025-01-24,0.0016521076376609933
2025-01-27,0.005566544669223683
2025-01-28,-0.0003078502790772042
2025-01-29,-0.000615243556269407
2025-01-30,0.001436667733141661
2025-01-31,-0.002049184299633744
2025-02-03,0.0009477941208602125
2025-02-04,0.0018523989261389762
2025-02-05,0.005341381491442254
2025-02-06,-0.0010216788073972305
2025-02-07,-0.0031707006051087117
2025-02-10,0.00030776078716465705
2025-02-11,-0.002256647840047643
2025-02-12,-0.005243203336447677
2025-02-13,0.005994332542478942
2025-02-14,0.003698408711731771
2025-02-18,-0.003991946472134744
2025-02-19,0.0014388077997560256
2025-02-20,0.0015392037029244854
2025-02-21,0.004303356228275712
2025-02-24,0.001734308074474722
2025-02-25,0.006212425475016881
2025-02-26,0.001619473696095941
2025-02-27,-0.001515796827337379
2025-02-28,0.0044530025288647135
2025-03-03,0.0021628058345100065
2025-03-04,-0.002521145197033059
2025-03-05,-0.003437566241425438
2025-03-06,-0.0010144149097618405
2025-03-07,-0.001218740786170902
2025-03-10,0.0047788212453285794
2025-03-11,-0.003541668317812552
2025-03-12,-0.002945084763449568
2025-03-13,0.0030557320502864194
2025-03-14,-0.002030922155724646
2025-03-17,0.0013227818918415402
2025-03-18,0.0010160640304182067
2025-03-19,0.002943888973693687
2025-03-20,0.0006072161375536567
2025-03-21,-0.0012136952997350292
2025-03-24,-0.00384864690962905
2025-03-25,0.0009149783573501047
2025-03-26,-0.0024377383503184635
2025-03-27,-0.0005091065395551597
2025-03-28,0.0058068825189609985
2025-03-31,0.0019243995522773005
2025-04-01,0.0037020589189351583
2025-04-02,-0.0011116959836089402
2025-04-03,0.005260629171722986
2025-04-04,0.0009056094603194786
2025-04-07,-0.012668473787576962
2025-04-08,-0.0051933807150856826
2025-04-09,0.0022520571606836626
2025-04-10,-0.00786444891971061
2025-04-11,-0.001029341413557594
2025-04-14,0.005873911095344075
2025-04-15,0.0020489297540988716
2025-04-16,0.0031693473487692803
2025-04-17,-0.002547850258802664
2025-04-21,-0.006028365541645653
2025-04-22,0.0018502922728349525
2025-04-23,0.002462580115953017
2025-04-24,0.005527094227388618
2025-04-25,0.003664422609096496
2025-04-28,0.0027385202442673506
2025-04-29,0.002427223751705565
2025-04-30,-0.0009080640482489466
2025-05-01,-0.0027254067731296017
2025-05-02,-0.004876546435332196
2025-05-05,-0.0017356383453660529
2025-05-06,0.0024544421431949015
2025-05-07,0.0015303894511322635
2025-05-08,-0.00519500859414701
2025-05-09,0.0010239673044338815
2025-05-12,-0.003375746993362183
2025-05-13,-0.0010263048210771286
2025-05-14,-0.0028767816499941645
2025-05-15,0.005667138493928858
2025-05-16,0.0006148218953765383
2025-05-19,-0.0003072220608385523
2025-05-20,-0.0017413271959300092
2025-05-21,-0.0065667758601130055
2025-05-22,0.0028918548045220316
2025-05-23,0.0014419183138931757
2025-05-27,0.004525012516800819
2025-05-28,-0.0018427955369203497
2025-05-29,0.0036922357945765594
2025-05-30,0.0024525150703056386
2025-06-02,-0.00262846682154505
2025-06-03,-0.0007177967060719714
2025-06-04,0.005951741923264198
2025-06-05,-0.00255024543620308
2025-06-06,-0.005113452319125189
2025-06-09,0.0012335329961905561
2025-06-10,0.0022587573426733343
2025-06-11,0.0033804208401899682
2025-06-12,0.003675444497906133
2025-06-13,-0.003560221632888272
2025-06-16,-0.0020417490577200326
2025-06-17,0.003068651498147279
2025-06-18,0.0007140021855047696
2025-06-20,0.0009171558889191633
2025-06-23,0.002036186447342603
2025-06-24,0.004064334028859085
2025-06-25,-0.00010131673298030552
2025-06-26,0.0027326109997638515
2025-06-27,-0.002825980232540548
2025-06-30,0.004048466047706034
2025-07-01,-0.0009202408903109527
2025-07-02,-0.0012147632389355456
2025-07-03,-0.0020268849987399307
2025-07-07,-0.0035543116882097436
2025-07-08,-0.00040771226150304596
2025-07-09,0.004180223210063394
2025-07-10,-0.00030469434142110785
2025-07-11,-0.004163933435164746
2025-07-14,-0.00010209938409222463
2025-07-15,-0.002958030502841491
2025-07-16,0.0014322759118094996
2025-07-17,0.0004086702533305786
2025-07-18,0.0018380675512124078
2025-07-21,0.0027518459035633658
2025-07-22,0.001931417243800082
2025-07-23,-0.0022319842559628267
2025-07-24,-0.0006099417678533392
2025-07-25,0.0016277137935531982
2025-07-28,-0.0013204860569645538
2025-07-29,0.005390589956713265
2025-07-30,-0.002832518690947805
2025-07-31,0.0005073333152429971
2025-08-01,0.008647806321872231
2025-08-04,0.0008069768683469647
2025-08-05,0.00030229466733722177
2025-08-06,-0.0004029636263030989
2025-08-07,-0.0008064074602006643
2025-08-08,-0.0019166856889620831
2025-08-11,0.0007075321099343501
2025-08-12,0.0
2025-08-13,0.0036360082316375664
2025-08-14,-0.0028178816080348668
2025-08-15,-0.0015136897641976343
2025-08-18,-0.0011117583021721389
2025-08-19,0.0019224258301062669
2025-08-20,0.0006060439599344658
2025-08-21,-0.002321385580955404
2025-08-22,0.0055640083088732695
2025-08-25,-0.0015091238044243616
2025-08-26,0.0012091237609899164
2025-08-27,0.00100630875497143
2025-08-28,0.001206294574284561
2025-08-29,-0.001305257506371893
2025-09-02,-0.0026529684422399447
2025-09-03,0.00364114666605575
2025-09-04,0.004030972117587739
2025-09-05,0.004717499947780368
2025-09-08,0.003396639171451721
2025-09-09,-0.001991358394509035
2025-09-10,0.00199533181526923
2025-09-11,0.0018915840450954846
2025-09-12,-0.0008943659902834744
2025-09-15,0.0016908872116823126
2025-09-16,0.0003971887061156032
2025-09-17,-0.0017865252141751053
2025-09-18,-0.002784191096773414
2025-09-19,0.0
2025-09-22,-0.0011965561968703131
2025-09-23,0.0015973195450937894
2025-09-24,-0.0018937345644214343
2025-09-25,-0.0013980348986506463
2025-09-26,0.0006999576723347722
2025-09-29,0.0018987316030880663
2025-09-30,-9.980029218603637e-05
2025-10-01,0.002551940589382795
2025-10-02,0.0010980215136118243
2025-10-03,-0.0010968171847465236
2025-10-06,-0.0021960430272232045
2025-10-07,0.0017006214094674732
2025-10-08,9.991168479750456e-05
2025-10-09,-0.0011983618260839046
2025-10-10,0.004099200577446505
2025-10-13,0.0018918892346602156
2025-10-14,0.0015901174311954147
2025-10-15,-0.00039691723060519823
2025-10-16,0.0035735975474056048
2025-10-17,-0.0013848131626527094
2025-10-20,0.0016838528068521263
2025-10-21,0.00098885885687916
2025-10-22,-9.882600453192669e-05
2025-10-23,-0.0017782876940691805
2025-10-24,0.000989739660970379
2025-10-27,0.0006920948913937686
2025-10-28,0.0005927706932595811
2025-10-29,-0.004739734109600935
2025-10-30,-0.0018851317382276855
2025-10-31,-0.0005964411205180431
