Date,Daily Returns
2018-01-02,1.004281901280521
2018-01-03,1.008498429388301
2018-01-04,1.010564699880151
2018-01-05,1.0155811589498875
2018-01-08,1.0192943154837877
2018-01-09,1.019086011233367
2018-01-10,1.0148789548553239
2018-01-11,1.0210508698732315
2018-01-12,1.0254766513402795
2018-01-16,1.0215696451648264
2018-01-17,1.0308838959740525
2018-01-18,1.0286577613736483
2018-01-19,1.0344191999812316
2018-01-22,1.0399486600239878
2018-01-23,1.0434315941689447
2018-01-24,1.043425245414872
2018-01-25,1.0455386854654474
2018-01-26,1.054288392743248
2018-01-29,1.0465674161730512
2018-01-30,1.0380284274172866
2018-01-31,1.0392060554305156
2018-02-01,1.035482483538809
2018-02-02,1.0166328152660178
2018-02-05,0.9816719468711909
2018-02-06,0.9902699895165982
2018-02-07,0.9873441264962401
2018-02-08,0.9558796357104589
2018-02-09,0.9696715229539018
2018-02-12,0.9806470863461269
2018-02-13,0.9837112413177124
2018-02-14,0.9943319476000093
2018-02-15,1.006200688476752
2018-02-16,1.0082300785782397
2018-02-20,1.0013879050145602
2018-02-21,0.9947621801434205
2018-02-22,0.9957986496979483
2018-02-23,1.011297446297409
2018-02-26,1.0183910846956978
2018-02-27,1.005388084288984
2018-02-28,0.9967274654856872
2018-03-01,0.9931128742243897
2018-03-02,0.9927100499363443
2018-03-05,1.0013833206319578
2018-03-06,1.00379306502941
2018-03-07,0.9963468155829088
2018-03-08,0.9941705717335572
2018-03-09,0.9981155021726436
2018-03-12,0.9958804907861893
2018-03-13,0.9967976692129125
2018-03-14,0.9977231404256425
2018-03-15,0.99309850269817
2018-03-16,0.9914905768555866
2018-03-19,0.9828022100949038
2018-03-20,0.9837889996288354
2018-03-21,0.9868000618464635
2018-03-22,0.9828640253023617
2018-03-23,0.9802784056004016
2018-03-26,0.9819288124820951
2018-03-27,0.9796781756268931
2018-03-28,0.9767235364625902
2018-03-29,0.9805358205355361
2018-04-02,0.9752310101623978
2018-04-03,0.9714436536921707
2018-04-04,0.9681146452478623
2018-04-05,0.9727954163208156
2018-04-06,0.9700207658073753
2018-04-09,0.9785146751685965
2018-04-10,0.9830972171727528
2018-04-11,0.9867132800004816
2018-04-12,0.9872090054156809
2018-04-13,0.9895001997431139
2018-04-16,0.995897225997322
2018-04-17,0.996940276311285
2018-04-18,1.005198756968602
2018-04-19,1.0022341466335276
2018-04-20,1.0010045266741612
2018-04-23,0.9972400821273913
2018-04-24,0.9997429314924344
2018-04-25,1.0011429127090727
2018-04-26,1.0033325515760598
2018-04-27,1.0073281103510985
2018-04-30,1.0076761607843265
2018-05-01,1.0027285694375767
2018-05-02,1.0027599204715647
2018-05-03,1.005855696999065
2018-05-04,1.0064715996336164
2018-05-07,1.0052685240697503
2018-05-08,1.003028503436338
2018-05-09,1.004308126954261
2018-05-10,1.0082417585776648
2018-05-11,1.006850990572995
2018-05-14,1.0050986357443858
2018-05-15,1.0029032480349094
2018-05-16,1.002929551556962
2018-05-17,1.0023981170407334
2018-05-18,1.0032174833481444
2018-05-21,1.0076511363410081
2018-05-22,1.0090932683921965
2018-05-23,1.010975168312218
2018-05-24,1.0126628110312068
2018-05-25,1.0143390277139108
2018-05-29,1.015935330076757
2018-05-30,1.016126671174655
2018-05-31,1.0149249398629032
2018-06-01,1.0152837717603624
2018-06-04,1.006552642415601
2018-06-05,1.006733482181633
2018-06-06,1.0112570441098605
2018-06-07,1.012272564380644
2018-06-08,1.0152274238552415
2018-06-11,1.0122352803439374
2018-06-12,1.0142711886145936
2018-06-13,1.0112129992517092
2018-06-14,1.0088190376101347
2018-06-15,1.0030511431025375
2018-06-18,1.0002790855769896
2018-06-19,0.9902596671490099
2018-06-20,0.9925495453289032
2018-06-21,0.9876845339264043
2018-06-22,0.9953668950363614
2018-06-25,0.9843068371150174
2018-06-26,0.9861801955356999
2018-06-27,0.986715246375555
2018-06-28,0.9869811444815568
2018-06-29,0.9943518545590585
2018-07-02,0.9951262051318455
2018-07-03,0.9940461542346092
2018-07-05,1.0015336924209743
2018-07-06,1.0088654181245917
2018-07-09,1.011951521482838
2018-07-10,1.0155130263538539
2018-07-11,1.0096287254287624
2018-07-12,1.0162713367640368
2018-07-13,1.016703720446081
2018-07-16,1.013939212305499
2018-07-17,1.0168515262449285
2018-07-18,1.0183889725583992
2018-07-19,1.0180518349967689
2018-07-20,1.0161131514862418
2018-07-23,1.0153021769337676
2018-07-24,1.01447136209736
2018-07-25,1.0235296486622194
2018-07-26,1.0267493223219075
2018-07-27,1.0194194231424338
2018-07-30,1.0138530766537632
2018-07-31,1.021799552408536
2018-08-01,1.0183305574846193
2018-08-02,1.025551983040039
2018-08-03,1.0307998368427322
2018-08-06,1.0338136237579412
2018-08-07,1.03614430522483
2018-08-08,1.0338665023138593
2018-08-09,1.0332558379175973
2018-08-10,1.0277090258516783
2018-08-13,1.0238316568599508
2018-08-14,1.030725242625728
2018-08-15,1.025676905902539
2018-08-16,1.0337471098646043
2018-08-17,1.0387678237531544
2018-08-20,1.0419034942977106
2018-08-21,1.0436085333795482
2018-08-22,1.0417038891718835
2018-08-23,1.0406565992362073
2018-08-24,1.0469739846662334
2018-08-27,1.0512514209018802
2018-08-28,1.0519113099550848
2018-08-29,1.0563280736971938
2018-08-30,1.0513092859776922
2018-08-31,1.0529975388600263
2018-09-04,1.0531733199025664
2018-09-05,1.0530237201960078
2018-09-06,1.0534451787657115
2018-09-07,1.0500055548914664
2018-09-10,1.0542219511716584
2018-09-11,1.054950073777527
2018-09-12,1.0568755962451404
2018-09-13,1.0630536202683531
2018-09-14,1.0636400649451003
2018-09-17,1.0588471096674044
2018-09-18,1.063044633868499
2018-09-19,1.05886350543096
2018-09-20,1.0651039521136023
2018-09-21,1.0664322727909494
2018-09-24,1.0598551838327497
2018-09-25,1.057292226870384
2018-09-26,1.0522959650198218
2018-09-27,1.0538241900619871
2018-09-28,1.0570305911958173
2018-10-01,1.0565518737017006
2018-10-02,1.0556780632306646
2018-10-03,1.0535592456077223
2018-10-04,1.0457936876643465
2018-10-05,1.0436916713813187
2018-10-08,1.0441872046351788
2018-10-09,1.0416532934183163
2018-10-10,1.0132942027858383
2018-10-11,0.9928956137108941
2018-10-12,1.0030193716809463
2018-10-15,1.0019377813578088
2018-10-16,1.02244793296165
2018-10-17,1.0206888826907718
2018-10-18,1.0101475767901216
2018-10-19,1.0090059638035718
2018-10-22,1.0051793082203992
2018-10-23,0.9995054034850179
2018-10-24,0.9782167826869828
2018-10-25,0.9865352568775283
2018-10-26,0.9721311308731762
2018-10-29,0.9722753979083054
2018-10-30,0.9888340907302604
2018-10-31,0.9948289827738969
2018-11-01,0.9982755116717567
2018-11-02,0.9961376965150295
2018-11-05,0.9966552952017157
2018-11-06,0.9959526741232213
2018-11-07,0.9973190729605932
2018-11-08,0.9950340026992721
2018-11-09,0.9951769948389673
2018-11-12,0.9962867822480419
2018-11-13,0.9957731878318957
2018-11-14,0.9970850657194194
2018-11-15,0.997638624953407
2018-11-16,1.000202155037786
2018-11-19,1.0007540358650633
2018-11-20,0.9986301469226413
2018-11-21,0.9996601051030374
2018-11-23,0.9977695070890655
2018-11-26,0.9976785275847835
2018-11-27,0.997597049151041
2018-11-28,1.0003225510743479
2018-11-29,1.0008566697299859
2018-11-30,1.0004105248155637
2018-12-03,1.0023405885270034
2018-12-04,1.004834446855271
2018-12-06,1.0012031998338038
2018-12-07,1.0069675729439695
2018-12-10,1.0045938053813348
2018-12-11,1.004620334323712
2018-12-12,1.005062366589417
2018-12-13,1.0067324465675964
2018-12-14,1.0040476270758547
2018-12-17,1.0052702006152785
2018-12-18,1.0054454981165915
2018-12-19,1.007895077888073
2018-12-20,1.0038500605073855
2018-12-21,1.0016873027545314
2018-12-24,0.9993754103275736
2018-12-26,1.0024634453392567
2018-12-27,1.001772694202014
2018-12-28,1.0041449963210778
2018-12-31,1.0043784245662208
2019-01-02,1.0051329277132912
2019-01-03,1.0092828256645339
2019-01-04,1.0062650743609616
2019-01-07,1.0045668108420043
2019-01-08,1.0038122206000304
2019-01-09,1.0046613088120575
2019-01-10,1.00352977182871
2019-01-11,1.0049444543426043
2019-01-14,1.00352977182871
2019-01-15,1.003717983914687
2019-01-16,1.0045668108420043
2019-01-17,1.0038122206000304
2019-01-18,1.0030579787376699
2019-01-22,1.0039068056649871
2019-01-23,1.0049444543426043
2019-01-24,1.006641846912529
2019-01-25,1.0061702280112952
2019-01-28,1.005604633709428
2019-01-29,1.0082455253665297
2019-01-30,1.010508947712838
2019-01-31,1.0135269603011199
2019-02-01,1.0120698801438992
2019-02-04,1.0121570462945597
2019-02-05,1.0147105817564184
2019-02-06,1.0140062379660693
2019-02-07,1.0139409795882017
2019-02-08,1.0161967771505556
2019-02-11,1.0156863661723678
2019-02-12,1.0173448970408094
2019-02-13,1.0163622274991169
2019-02-14,1.0172957843013055
2019-02-15,1.019640700118696
2019-02-19,1.0205042782077234
2019-02-20,1.0210303238455134
2019-02-21,1.0188913433955586
2019-02-22,1.0218615136509603
2019-02-25,1.021562591149206
2019-02-26,1.0221714014347365
2019-02-27,1.0204149298877485
2019-02-28,1.0186891984969182
2019-03-01,1.018981202402706
2019-03-04,1.0188065775340505
2019-03-05,1.0185185771412977
2019-03-06,1.017907197657866
2019-03-07,1.018605977398775
2019-03-08,1.019195531706099
2019-03-11,1.0223977341453943
2019-03-12,1.0246370470388888
2019-03-13,1.0256844193881296
2019-03-14,1.0242710102204824
2019-03-15,1.027179723365838
2019-03-18,1.0278717702102271
2019-03-19,1.0267549153547864
2019-03-20,1.0287133720307016
2019-03-21,1.0323974977914956
2019-03-22,1.0322575030385355
2019-03-25,1.03383414555073
2019-03-26,1.0358824919778826
2019-03-27,1.0364791419043102
2019-03-28,1.0375491029308486
2019-03-29,1.0391623704056179
2019-04-01,1.0485522011475332
2019-04-02,1.048228686906635
2019-04-03,1.0504972684359686
2019-04-04,1.051560620532908
2019-04-05,1.0580841564735368
2019-04-08,1.0585499897555437
2019-04-09,1.0526157136055236
2019-04-10,1.0572682257500832
2019-04-11,1.0594270898632583
2019-04-12,1.0660484383290698
2019-04-15,1.064977231462941
2019-04-16,1.0621092522640845
2019-04-17,1.0556632718011587
2019-04-18,1.0582323237830755
2019-04-22,1.0562203825957124
2019-04-23,1.0652513753278536
2019-04-24,1.0667217573873153
2019-04-25,1.0628079287163372
2019-04-26,1.0695411227516836
2019-04-29,1.068960355668519
2019-04-30,1.0755440149220685
2019-05-01,1.0657540006923876
2019-05-02,1.0667650557123385
2019-05-03,1.077004664519188
2019-05-06,1.0729224615476745
2019-05-07,1.0580507915920903
2019-05-08,1.055267677256021
2019-05-09,1.0539107542145425
2019-05-10,1.06020380311927
2019-05-13,1.0404697796844882
2019-05-14,1.0481112381991475
2019-05-15,1.0514463814872972
2019-05-16,1.058587737538294
2019-05-17,1.0535434943637125
2019-05-20,1.048753615966657
2019-05-21,1.0583598601056343
2019-05-22,1.05591961807402
2019-05-23,1.0466070151620606
2019-05-24,1.0480989434658434
2019-05-28,1.0371561914434142
2019-05-29,1.029566750003879
2019-05-30,1.0321572115868574
2019-05-31,1.0244415228776425
2019-06-03,1.0268596674026562
2019-06-04,1.0259292528220971
2019-06-05,1.0253715131925474
2019-06-06,1.0251855151295661
2019-06-07,1.028069079077687
2019-06-10,1.0253715131925474
2019-06-11,1.0251855151295661
2019-06-12,1.026487501570433
2019-06-13,1.0287200722981202
2019-06-14,1.028440820644256
2019-06-17,1.028161568990392
2019-06-18,1.0309523884664151
2019-06-19,1.0344866910755763
2019-06-20,1.0362538423801568
2019-06-21,1.0335566159075409
2019-06-24,1.0354168510967425
2019-06-25,1.0356027643065926
2019-06-26,1.0332775339599385
2019-06-27,1.0361610130549281
2019-06-28,1.0356955936318213
2019-07-01,1.0389132026350631
2019-07-02,1.0415545149905727
2019-07-03,1.0473409351709135
2019-07-05,1.0442005892569597
2019-07-08,1.041665984227898
2019-07-09,1.041476159629451
2019-07-10,1.0428501970045638
2019-07-11,1.0413921257787233
2019-07-12,1.0445662555441273
2019-07-15,1.0451155771003602
2019-07-16,1.0434933796569599
2019-07-17,1.0422170872915588
2019-07-18,1.045480667809942
2019-07-19,1.0411935665200305
2019-07-22,1.0418021201196588
2019-07-23,1.0445494639944344
2019-07-24,1.0476315446488196
2019-07-25,1.0447076545908263
2019-07-26,1.047435894080121
2019-07-29,1.046787228136701
2019-07-30,1.0460021888466438
2019-07-31,1.0415347680887308
2019-08-01,1.0473104408455807
2019-08-02,1.0466253165073836
2019-08-05,1.0464162687683112
2019-08-06,1.0507651606457358
2019-08-07,1.050871490994334
2019-08-08,1.0545618865547117
2019-08-09,1.0524693472463555
2019-08-12,1.054047070715034
2019-08-13,1.0544753553353008
2019-08-14,1.0531323063337175
2019-08-15,1.0579734079496383
2019-08-16,1.0594367548783925
2019-08-19,1.0585930825457344
2019-08-20,1.060040990614543
2019-08-21,1.060694223719494
2019-08-22,1.058327009185595
2019-08-23,1.0584032810872717
2019-08-26,1.0595315659007538
2019-08-27,1.061882237106307
2019-08-28,1.0628401475797917
2019-08-29,1.063994299212591
2019-08-30,1.064972315880204
2019-09-03,1.0637416112785183
2019-09-04,1.0682704442869528
2019-09-05,1.0683175830426446
2019-09-06,1.069722977749933
2019-09-09,1.0657732445371921
2019-09-10,1.0620248804067953
2019-09-11,1.0647687687946634
2019-09-12,1.0645268114946793
2019-09-13,1.059869491354179
2019-09-16,1.0613135299225807
2019-09-17,1.064182530541326
2019-09-18,1.0650007753635045
2019-09-19,1.065740284253271
2019-09-20,1.0671374326111034
2019-09-23,1.067561222752832
2019-09-24,1.0678344327831077
2019-09-25,1.0665470309877623
2019-09-26,1.0675398622624568
2019-09-27,1.0664594156619571
2019-09-30,1.0682330586878912
2019-10-01,1.068277741136137
2019-10-02,1.0667213790180878
2019-10-03,1.0713365253556213
2019-10-04,1.074528811282637
2019-10-07,1.0712908708618667
2019-10-08,1.0695425712950148
2019-10-09,1.0701805278312462
2019-10-10,1.0676494384603765
2019-10-11,1.065822821306748
2019-10-14,1.0670301564424118
2019-10-15,1.0647900014133596
2019-10-16,1.066251807735636
2019-10-17,1.0665887764368156
2019-10-18,1.0672212368462053
2019-10-21,1.0653672114121622
2019-10-22,1.0662653173634735
2019-10-23,1.0674124981082025
2019-10-24,1.0680296404891916
2019-10-25,1.066758801911323
2019-10-28,1.0648292585941719
2019-10-29,1.0652522580252426
2019-10-30,1.0682806585605935
2019-10-31,1.071365616619306
2019-11-01,1.074489360487332
2019-11-04,1.0729257941815047
2019-11-05,1.0694607247165557
2019-11-06,1.071139922153029
2019-11-07,1.06766878478031
2019-11-08,1.0678710814011605
2019-11-11,1.0674480249821727
2019-11-12,1.068708580693995
2019-11-13,1.0709772973296792
2019-11-14,1.073931926942283
2019-11-15,1.0758092129451948
2019-11-18,1.077450325832789
2019-11-19,1.0783337858342745
2019-11-20,1.0795150893856975
2019-11-21,1.077094651488816
2019-11-22,1.078424640900715
2019-11-25,1.0815073081094853
2019-11-26,1.0838576690008268
2019-11-27,1.0842951778488419
2019-11-29,1.08177952695073
2019-12-02,1.0739466144256848
2019-12-03,1.0685944182363336
2019-12-04,1.0746209804894713
2019-12-05,1.0761931839287906
2019-12-06,1.0827836804987399
2019-12-09,1.0800830328752489
2019-12-10,1.0793934627452084
2019-12-11,1.0820550993685774
2019-12-12,1.0880593657698021
2019-12-13,1.0876386052419753
2019-12-16,1.0951165843725281
2019-12-17,1.0950236411176513
2019-12-18,1.095740539773852
2019-12-19,1.100228584039437
2019-12-20,1.1065003140226126
2019-12-23,1.1053847621839576
2019-12-24,1.1061106858732994
2019-12-26,1.108705304207196
2019-12-27,1.1094398728639607
2019-12-30,1.105902111730531
2019-12-31,1.1089993659103927
2020-01-02,1.1091554435969453
2020-01-03,1.1075155833685941
2020-01-06,1.110692716079836
2020-01-07,1.108828513582829
2020-01-08,1.1086313220530881
2020-01-09,1.1125109541003775
2020-01-10,1.1139278039947274
2020-01-13,1.1181661605759143
2020-01-14,1.1207165489836188
2020-01-15,1.1245114648086045
2020-01-16,1.130366585655826
2020-01-17,1.1343376436171007
2020-01-21,1.131965793083223
2020-01-22,1.1319111260899701
2020-01-23,1.133484705242934
2020-01-24,1.1255833205122703
2020-01-27,1.1132327997442282
2020-01-28,1.1192662170168792
2020-01-29,1.116263751648041
2020-01-30,1.1186641704350746
2020-01-31,1.1035654253058955
2020-02-03,1.1106720900768328
2020-02-04,1.1214698079542793
2020-02-05,1.1322186379679946
2020-02-06,1.1328223702224534
2020-02-07,1.1267588718025559
2020-02-10,1.1336972539318917
2020-02-11,1.1390354372562435
2020-02-12,1.1442933830612012
2020-02-13,1.146187143640525
2020-02-14,1.1494997843845205
2020-02-18,1.149054298423459
2020-02-19,1.1508008115252555
2020-02-20,1.1523558817229034
2020-02-21,1.1459922179384079
2020-02-24,1.1182578490850121
2020-02-25,1.08550136659909
2020-02-26,1.0769130714475863
2020-02-27,1.0340085502648622
2020-02-28,1.0153054702386182
2020-03-02,1.0149467519377486
2020-03-03,1.021862652803859
2020-03-04,1.0210744124152233
2020-03-05,1.0242261208053964
2020-03-06,1.0317545840800442
2020-03-09,1.030441111174895
2020-03-10,1.0187985092740293
2020-03-11,1.0042665019501547
2020-03-12,0.9640858228230117
2020-03-13,0.9792303142326505
2020-03-16,0.9956000087821372
2020-03-17,0.9698634588274327
2020-03-18,0.9329211914003019
2020-03-19,0.9537557539540182
2020-03-20,0.9632103308651253
2020-03-23,0.9860579453334598
2020-03-24,0.9941996759216027
2020-03-25,1.0043540668104987
2020-03-26,1.0074181320175553
2020-03-27,1.0117074786872329
2020-03-30,1.0126706138282358
2020-03-31,1.0099568080625523
2020-04-01,1.0065268971822725
2020-04-02,1.0080180061368478
2020-04-03,1.008720013152283
2020-04-06,1.0136330440642805
2020-04-07,1.0150365098357395
2020-04-08,1.0160013680777509
2020-04-09,1.0286346747357562
2020-04-13,1.0238094436524212
2020-04-14,1.0243357726877582
2020-04-15,1.028546639938774
2020-04-16,1.0298629324637554
2020-04-17,1.028634674735756
2020-04-20,1.0271433308128612
2020-04-21,1.0276697381709714
2020-04-22,1.0276697381709714
2020-04-23,1.0301258620131046
2020-04-24,1.0295996896233137
2020-04-27,1.0248622583686418
2020-04-28,1.0288976042851052
2020-04-29,1.029599689623314
2020-04-30,1.0273186955018674
2020-05-01,1.0273715633737204
2020-05-04,1.0282505015336239
2020-05-05,1.0274592065568366
2020-05-06,1.0233276802749869
2020-05-07,1.026492233599951
2020-05-08,1.0237673060004848
2020-05-11,1.0206903175358641
2020-05-12,1.0233276802749867
2020-05-13,1.0249979134116778
2020-05-14,1.0281627017049613
2020-05-15,1.0287778487650112
2020-05-18,1.0272834502539652
2020-05-19,1.0284263361592685
2020-05-20,1.031063542252845
2020-05-21,1.031854758906859
2020-05-22,1.0323823411065662
2020-05-26,1.030711794678783
2020-05-27,1.0322062715126024
2020-05-28,1.0315030896555704
2020-05-29,1.0342280172550364
2020-06-01,1.0339930823374381
2020-06-02,1.0351573475318612
2020-06-03,1.0333597283593094
2020-06-04,1.0302410059320166
2020-06-05,1.0318285839381036
2020-06-08,1.0336475625806523
2020-06-09,1.0341861035143292
2020-06-10,1.0377705046716093
2020-06-11,1.0336827439457836
2020-06-12,1.0352108458234583
2020-06-15,1.038978892123886
2020-06-16,1.0376558694330122
2020-06-17,1.036606849146243
2020-06-18,1.0375719250217883
2020-06-19,1.0375727160245687
2020-06-22,1.0374663300905074
2020-06-23,1.037269749059419
2020-06-24,1.0360529418567241
2020-06-25,1.037557947165617
2020-06-26,1.0380473200193523
2020-06-29,1.0395722788120916
2020-06-30,1.040982997859978
2020-07-01,1.041225972168093
2020-07-02,1.044967745870395
2020-07-06,1.048643856980012
2020-07-07,1.049349860008792
2020-07-08,1.05273434243622
2020-07-09,1.0503318358966245
2020-07-10,1.0543770390870062
2020-07-13,1.0542458211147157
2020-07-14,1.0557727470628229
2020-07-15,1.0612853280687804
2020-07-16,1.062469617296283
2020-07-17,1.0653974798475714
2020-07-20,1.06484573024983
2020-07-21,1.0710848582100028
2020-07-22,1.078775043136485
2020-07-23,1.0792993604473906
2020-07-24,1.0778062000696453
2020-07-27,1.0827413783775506
2020-07-28,1.082752053034641
2020-07-29,1.0872105127658753
2020-07-30,1.0835530628049628
2020-07-31,1.0882433227131703
2020-08-03,1.1030336844301456
2020-08-04,1.112561617390451
2020-08-05,1.1200223253777946
2020-08-06,1.1294755224583743
2020-08-07,1.1139135785052636
2020-08-10,1.1238149998112008
2020-08-11,1.1065671702029551
2020-08-12,1.110241456954748
2020-08-13,1.1228535811495608
2020-08-14,1.114781546492474
2020-08-17,1.1274077286908912
2020-08-18,1.1365038115617925
2020-08-19,1.1335073599203833
2020-08-20,1.127665243403003
2020-08-21,1.1229435327528887
2020-08-24,1.1256382980655701
2020-08-25,1.128439390001139
2020-08-26,1.1320478758020556
2020-08-27,1.1315470504640683
2020-08-28,1.1434402108076722
2020-08-31,1.1495973063585718
2020-09-01,1.1523229888748074
2020-09-02,1.140184414395161
2020-09-03,1.1374386817924074
2020-09-04,1.1396122527264776
2020-09-08,1.133876735695744
2020-09-09,1.1346373816810917
2020-09-10,1.1382199084097708
2020-09-11,1.1386243570200392
2020-09-14,1.1443156124392526
2020-09-15,1.1518354648590856
2020-09-16,1.1485579806377293
2020-09-17,1.1433678799153042
2020-09-18,1.1513672047063142
2020-09-21,1.1194810052226527
2020-09-22,1.1186338694571207
2020-09-23,1.1123868470253175
2020-09-24,1.113455850884712
2020-09-25,1.111606114178797
2020-09-28,1.1178403449670689
2020-09-29,1.1334007175483727
2020-09-30,1.1359616446674574
2020-10-01,1.132990603335301
2020-10-02,1.1290784317310654
2020-10-05,1.1402057122821132
2020-10-06,1.1405125516237025
2020-10-07,1.1458008437284977
2020-10-08,1.1495782782489008
2020-10-09,1.1656613102915672
2020-10-12,1.1612112111528898
2020-10-13,1.1537276908295115
2020-10-14,1.1541551995897323
2020-10-15,1.1537688128236785
2020-10-16,1.1534344696792151
2020-10-19,1.156007081084241
2020-10-20,1.160083653043301
2020-10-21,1.163084457264519
2020-10-22,1.159366853805337
2020-10-23,1.160318468862173
2020-10-26,1.1579358649961573
2020-10-27,1.1594400757631234
2020-10-28,1.14104012031317
2020-10-29,1.136621757221367
2020-10-30,1.1394011994538953
2020-11-02,1.1445416694151644
2020-11-03,1.1460023777950636
2020-11-04,1.1494223266110266
2020-11-05,1.157970224077593
2020-11-06,1.159411857734915
2020-11-09,1.1547135030083255
2020-11-10,1.1619736996904648
2020-11-11,1.1586606656568215
2020-11-12,1.1607692058498613
2020-11-13,1.1621976695663379
2020-11-16,1.1731989777252116
2020-11-17,1.1771594427213217
2020-11-18,1.1817103685720571
2020-11-19,1.1772855166743106
2020-11-20,1.181687955519964
2020-11-23,1.182178151915691
2020-11-24,1.184534467857772
2020-11-25,1.1843005438760958
2020-11-27,1.1874896170932527
2020-11-30,1.1858239935200108
2020-12-01,1.1929789582094885
2020-12-02,1.1935923445046757
2020-12-03,1.1929289287646268
2020-12-04,1.1982130635155157
2020-12-07,1.196984747524451
2020-12-08,1.1954684939729576
2020-12-09,1.1936485145559894
2020-12-10,1.1981307440551572
2020-12-11,1.1976857696035035
2020-12-14,1.194984523483745
2020-12-15,1.2036741620832823
2020-12-16,1.2045799197601068
2020-12-17,1.2144723861326363
2020-12-18,1.215102649611488
2020-12-21,1.2115662834666856
2020-12-22,1.2079792417973667
2020-12-23,1.2129992151873459
2020-12-24,1.2156780781512333
2020-12-28,1.2148189924686539
2020-12-29,1.2154305810715218
2020-12-30,1.2228412245631073
2020-12-31,1.228795534142198
2021-01-04,1.230899625126028
2021-01-05,1.2488333774136073
2021-01-06,1.2494148156723326
2021-01-07,1.253254066143733
2021-01-08,1.2467631826818932
2021-01-11,1.2420682717534364
2021-01-12,1.25320049834342
2021-01-13,1.2556049082641292
2021-01-14,1.2621386991277055
2021-01-15,1.2561862746607189
2021-01-19,1.2514833179497518
2021-01-20,1.2536198619812955
2021-01-21,1.2559769366649207
2021-01-22,1.244006064565107
2021-01-25,1.2508300467125044
2021-01-26,1.2572324475741508
2021-01-27,1.2478359252945463
2021-01-28,1.2433873295599265
2021-01-29,1.2429169401921172
2021-02-01,1.249244301556427
2021-02-02,1.2528405414209516
2021-02-03,1.2561323661092456
2021-02-04,1.265570212043181
2021-02-05,1.272157222618447
2021-02-08,1.2861019285309307
2021-02-09,1.288617309536973
2021-02-10,1.2893218024935438
2021-02-11,1.2873583182805732
2021-02-12,1.294495875430707
2021-02-16,1.3038719449646208
2021-02-17,1.3033416680645362
2021-02-18,1.3039651698205494
2021-02-19,1.3068523395584377
2021-02-22,1.3122269637619868
2021-02-23,1.312969177076423
2021-02-24,1.3271831735891129
2021-02-25,1.3113578826693242
2021-02-26,1.2955421586887197
2021-03-01,1.2953047786709957
2021-03-02,1.3087466353324233
2021-03-03,1.3008769902097104
2021-03-04,1.292512984131394
2021-03-05,1.2984118981127721
2021-03-08,1.2966109925573313
2021-03-09,1.2943025904880896
2021-03-10,1.2946713202398206
2021-03-11,1.3069702466331456
2021-03-12,1.2988691170607
2021-03-15,1.302435069219456
2021-03-16,1.3042199434945736
2021-03-17,1.3024458010383915
2021-03-18,1.2905978822376858
2021-03-19,1.2926775334589204
2021-03-22,1.2947476778413376
2021-03-23,1.2823617932290416
2021-03-24,1.2866564390862731
2021-03-25,1.2750333776209943
2021-03-26,1.2915134397618337
2021-03-29,1.2865088118092682
2021-03-30,1.272250791366963
2021-03-31,1.2814845885268322
2021-04-01,1.2881404364513358
2021-04-05,1.2954593198770177
2021-04-06,1.3017537337712464
2021-04-07,1.2990364538580335
2021-04-08,1.3051558431993409
2021-04-09,1.308633894583374
2021-04-12,1.3072355458019411
2021-04-13,1.311905550525293
2021-04-14,1.3197665832369638
2021-04-15,1.3313407744957326
2021-04-16,1.3353514589791875
2021-04-19,1.3328869275513893
2021-04-20,1.330005783590293
2021-04-21,1.344243222058894
2021-04-22,1.3424073786544273
2021-04-23,1.3535305849483785
2021-04-26,1.361321387390493
2021-04-27,1.3680903614881421
2021-04-28,1.3638081011940095
2021-04-29,1.3675569529946645
2021-04-30,1.3637875385874254
2021-05-03,1.3687312628570274
2021-05-04,1.3682889872058628
2021-05-05,1.375360461560703
2021-05-06,1.3883122433804183
2021-05-07,1.4040010978830244
2021-05-10,1.4026775704114107
2021-05-11,1.398673297065003
2021-05-12,1.3832463017879597
2021-05-13,1.3784697985819283
2021-05-14,1.385696291161571
2021-05-17,1.387766971005236
2021-05-18,1.3823887435563658
2021-05-19,1.3692951378813114
2021-05-20,1.3740528569083474
2021-05-21,1.372379893596104
2021-05-24,1.375536926955606
2021-05-25,1.3711210505479878
2021-05-26,1.3761853067637353
2021-05-27,1.38857183059356
2021-05-28,1.3946237383661761
2021-06-01,1.4018064660562861
2021-06-02,1.4029903086174933
2021-06-03,1.39659494291529
2021-06-04,1.4094635759094147
2021-06-07,1.4050536017817907
2021-06-08,1.4104667312473644
2021-06-09,1.4097429481679147
2021-06-10,1.4142810117755165
2021-06-11,1.4131046699435064
2021-06-14,1.4069936500199476
2021-06-15,1.3994936280005847
2021-06-16,1.3957683846893802
2021-06-17,1.36821814690268
2021-06-18,1.3605659651205209
2021-06-21,1.375697759136596
2021-06-22,1.3801778547433727
2021-06-23,1.381202299795469
2021-06-24,1.3837497143965922
2021-06-25,1.3896123305578747
2021-06-28,1.3947529312605922
2021-06-29,1.397689673754491
2021-06-30,1.4059791138301088
2021-07-01,1.4089710790576828
2021-07-02,1.4118869707285577
2021-07-06,1.3960077727151947
2021-07-07,1.396887674060849
2021-07-08,1.3892596950011733
2021-07-09,1.4022456401780523
2021-07-12,1.4128416989591
2021-07-13,1.412710820235433
2021-07-14,1.4158595393643147
2021-07-15,1.4075003124717427
2021-07-16,1.4025387649094752
2021-07-19,1.382158262075836
2021-07-20,1.4011979907079004
2021-07-21,1.4124357669335883
2021-07-22,1.4196323051152349
2021-07-23,1.426930616725748
2021-07-26,1.4375203753728814
2021-07-27,1.4323661482254233
2021-07-28,1.4364005377518834
2021-07-29,1.4441594191313765
2021-07-30,1.4310406965249214
2021-08-02,1.4288888822145038
2021-08-03,1.4416252877729414
2021-08-04,1.438164770338492
2021-08-05,1.441422409167724
2021-08-06,1.4422796186849498
2021-08-09,1.4487479200525089
2021-08-10,1.4486073272766653
2021-08-11,1.445610082542582
2021-08-12,1.4465919492847972
2021-08-13,1.4493413271969326
2021-08-16,1.4482725002348527
2021-08-17,1.4456633366472458
2021-08-18,1.4344240022317087
2021-08-19,1.4309126292242842
2021-08-20,1.4385016762297094
2021-08-23,1.4483665333531872
2021-08-24,1.4495412705129487
2021-08-25,1.4539832647704791
2021-08-26,1.4485071762566781
2021-08-27,1.4572727309733071
2021-08-30,1.456153455256738
2021-08-31,1.4559534257509157
2021-09-01,1.4589988807679333
2021-09-02,1.469488308517131
2021-09-03,1.4696400225295547
2021-09-07,1.4601367968086338
2021-09-08,1.4591685259501395
2021-09-09,1.459370567126272
2021-09-10,1.4495630034999791
2021-09-13,1.4467755762057828
2021-09-14,1.4396558267282802
2021-09-15,1.4518296127295216
2021-09-16,1.4499395776733544
2021-09-17,1.4371752247740588
2021-09-20,1.41656362284724
2021-09-21,1.4155901200419667
2021-09-22,1.4295532885063342
2021-09-23,1.4482175203139078
2021-09-24,1.444769840999005
2021-09-27,1.4398050548443462
2021-09-28,1.414295596784776
2021-09-29,1.4171182881071482
2021-09-30,1.398594430488698
2021-10-01,1.4028816972252192
2021-10-04,1.3978811962061886
2021-10-05,1.399766238631346
2021-10-06,1.3992911013058507
2021-10-07,1.4010825942262057
2021-10-08,1.3975653699962693
2021-10-11,1.3936112685684463
2021-10-12,1.3975784418048425
2021-10-13,1.4016268163477879
2021-10-14,1.4115336428312952
2021-10-15,1.409946480130322
2021-10-18,1.4104623389582518
2021-10-19,1.4104809233288251
2021-10-20,1.4133713621527895
2021-10-21,1.4131384295382312
2021-10-22,1.4160863850360144
2021-10-25,1.4194529988483293
2021-10-26,1.4202740998045509
2021-10-27,1.4171181128958144
2021-10-28,1.421691984292377
2021-10-29,1.4215008811801804
2021-11-01,1.4258934582607212
2021-11-02,1.4310755699959437
2021-11-03,1.4368804973774612
2021-11-04,1.428894997510796
2021-11-05,1.4280041255347555
2021-11-08,1.4307077617290633
2021-11-09,1.4303270612800918
2021-11-10,1.420648701310414
2021-11-11,1.4235308953092747
2021-11-12,1.4303767131340799
2021-11-15,1.4318338431610609
2021-11-16,1.434264075046087
2021-11-17,1.4302125189839485
2021-11-18,1.4288740478354742
2021-11-19,1.4259141147391048
2021-11-22,1.427990246552513
2021-11-23,1.430059877717654
2021-11-24,1.4314377180504476
2021-11-26,1.4153772035682555
2021-11-29,1.4294021258372855
2021-11-30,1.3975553202230409
2021-12-01,1.3957200120532782
2021-12-02,1.3978794169867312
2021-12-03,1.4025249914462374
2021-12-06,1.3987486992611617
2021-12-07,1.3990209648783958
2021-12-08,1.3960376823114136
2021-12-09,1.3951209123975161
2021-12-10,1.3961631952654234
2021-12-13,1.4002625374038455
2021-12-14,1.3971342837274727
2021-12-15,1.3978114770302374
2021-12-16,1.3993524474446886
2021-12-17,1.399957305501262
2021-12-20,1.396404931255531
2021-12-21,1.3971097655689337
2021-12-22,1.3989243269340803
2021-12-23,1.398100631612603
2021-12-27,1.4003622763767216
2021-12-28,1.3998608916267377
2021-12-29,1.3966099058242196
2021-12-30,1.3992096213755782
2021-12-31,1.3988644929096619
2022-01-03,1.3945598604487828
2022-01-04,1.399389200939276
2022-01-05,1.3824311280471029
2022-01-06,1.3828806041796395
2022-01-07,1.381053756015187
2022-01-10,1.377498919991536
2022-01-11,1.3849362971272527
2022-01-12,1.3855201583151646
2022-01-13,1.3797370895599463
2022-01-14,1.3768457316484939
2022-01-18,1.3577136078221559
2022-01-19,1.3491473773097333
2022-01-20,1.3367998840301683
2022-01-21,1.3236913497885565
2022-01-24,1.3280728744999812
2022-01-25,1.315372913712984
2022-01-26,1.3047796316611195
2022-01-27,1.302096224875389
2022-01-28,1.3225219248203006
2022-01-31,1.3381328695830468
2022-02-01,1.3483462060647633
2022-02-02,1.3613627782842963
2022-02-03,1.3598915187097749
2022-02-04,1.3584604852312852
2022-02-07,1.3576866315305263
2022-02-08,1.364809828627546
2022-02-09,1.3749604088862746
2022-02-10,1.3725107365285063
2022-02-11,1.3718371380734673
2022-02-14,1.3761679063416745
2022-02-15,1.374803523851296
2022-02-16,1.3832224746591433
2022-02-17,1.3850416577107212
2022-02-18,1.3825044263368798
2022-02-22,1.3988582023045717
2022-02-23,1.4032298597472364
2022-02-24,1.4010980953938736
2022-02-25,1.3770016361463409
2022-02-28,1.3962796187587314
2022-03-01,1.433591276220325
2022-03-02,1.4570379750014324
2022-03-03,1.476048062599214
2022-03-04,1.501516142366821
2022-03-07,1.5094278550666387
2022-03-08,1.518462463939036
2022-03-09,1.4614261057046471
2022-03-10,1.4466507983047434
2022-03-11,1.4571960207094883
2022-03-14,1.4325944709955598
2022-03-15,1.4126845607857057
2022-03-16,1.4092897644888132
2022-03-17,1.4409123099696417
2022-03-18,1.4453371971095952
2022-03-21,1.4673277746839768
2022-03-22,1.4665898953155678
2022-03-23,1.4839363643068864
2022-03-24,1.485134135754722
2022-03-25,1.4931098840012766
2022-03-28,1.4682106780602948
2022-03-29,1.4489987441368086
2022-03-30,1.470143019061562
2022-03-31,1.4580162574102
2022-04-01,1.4568109657418555
2022-04-04,1.4646204690704503
2022-04-05,1.4632326855849445
2022-04-06,1.4524578370800778
2022-04-07,1.4556248677346824
2022-04-08,1.4694819609998993
2022-04-11,1.4710071715331665
2022-04-12,1.4871618363748464
2022-04-13,1.5067380107885213
2022-04-14,1.513991530217351
2022-04-18,1.5415553389246073
2022-04-19,1.5095826967305863
2022-04-20,1.5107056440679356
2022-04-21,1.510178539103303
2022-04-22,1.4941487747941238
2022-04-25,1.470076659086401
2022-04-26,1.4813843432355345
2022-04-27,1.4920492525639635
2022-04-28,1.4993213709722608
2022-04-29,1.5042183924578285
2022-05-02,1.4855611313507864
2022-05-03,1.4875288015320078
2022-05-04,1.507820604803968
2022-05-05,1.5037155119099865
2022-05-06,1.4833721479380026
2022-05-09,1.4467794222977193
2022-05-10,1.4400373418594095
2022-05-11,1.4546405226447219
2022-05-12,1.4478087093060545
2022-05-13,1.461108732614758
2022-05-16,1.4843199324972363
2022-05-17,1.4926091257160101
2022-05-18,1.463424180476381
2022-05-19,1.4694927048446147
2022-05-20,1.4670051247844524
2022-05-23,1.4825587686297992
2022-05-24,1.47995115155492
2022-05-25,1.4810796952916987
2022-05-26,1.493703942260702
2022-05-27,1.510555540468095
2022-05-31,1.490617295078723
2022-06-01,1.4935569013576508
2022-06-02,1.5092699175213977
2022-06-03,1.5031563117090623
2022-06-06,1.5129186285663936
2022-06-07,1.5176779644256833
2022-06-08,1.5149522296029672
2022-06-09,1.505639030952167
2022-06-10,1.4876288158496962
2022-06-13,1.453777525940718
2022-06-14,1.4357455185727925
2022-06-15,1.444446297330769
2022-06-16,1.4376313830665077
2022-06-17,1.4233730759185501
2022-06-21,1.4294980219482178
2022-06-22,1.4232943091828802
2022-06-23,1.4125360695312446
2022-06-24,1.4168910159633015
2022-06-27,1.4193171914717777
2022-06-28,1.418394358959059
2022-06-29,1.4171944731828567
2022-06-30,1.4012125740137023
2022-07-01,1.4065999383583996
2022-07-05,1.400900300083795
2022-07-06,1.3929195614696763
2022-07-07,1.3959758607326616
2022-07-08,1.3937297721015698
2022-07-11,1.3997284194618274
2022-07-12,1.3940728394487698
2022-07-13,1.3996374880620268
2022-07-14,1.3911072301419822
2022-07-15,1.3949263944961752
2022-07-18,1.3962937494129788
2022-07-19,1.3942809847210937
2022-07-20,1.3946718163667227
2022-07-21,1.4018064508509915
2022-07-22,1.4119550416413156
2022-07-25,1.4096734737446026
2022-07-26,1.4118401433475087
2022-07-27,1.4176178989723383
2022-07-28,1.426492487677506
2022-07-29,1.4286732310959693
2022-08-01,1.433624728655317
2022-08-02,1.4189072947451042
2022-08-03,1.4252344301344488
2022-08-04,1.4286732310959696
2022-08-05,1.4127180402413073
2022-08-08,1.4191828216254232
2022-08-09,1.4160187254265049
2022-08-10,1.419595407273573
2022-08-11,1.4120301626036154
2022-08-12,1.4183575328837357
2022-08-15,1.4201456389164937
2022-08-16,1.4180822408941933
2022-08-17,1.4096918249279367
2022-08-18,1.4127180402413078
2022-08-19,1.4028145753410595
2022-08-22,1.3967628493866457
2022-08-23,1.396212852634501
2022-08-24,1.392498877128826
2022-08-25,1.4002014154573905
2022-08-26,1.397588138128333
2022-08-29,1.3908486519816157
2022-08-30,1.3926364056782092
2022-08-31,1.3852091593391875
2022-09-01,1.3792000660606287
2022-09-02,1.3831968500606804
2022-09-06,1.3702410969709184
2022-09-07,1.3797514721574298
2022-09-08,1.3753406931645722
2022-09-09,1.375203282060577
2022-09-12,1.3731354211135318
2022-09-13,1.3654173799937475
2022-09-14,1.3672090093881462
2022-09-15,1.3630748142840996
2022-09-16,1.3621100004214324
2022-09-19,1.3600424918105511
2022-09-20,1.3539785515357823
2022-09-21,1.3582507449707641
2022-09-22,1.3437791242576982
2022-09-23,1.3396444593720993
2022-09-26,1.3224166302927436
2022-09-27,1.3167657454476767
2022-09-28,1.3379909457540242
2022-09-29,1.3309617218350362
2022-09-30,1.3277916359213284
2022-10-03,1.3369265525560572
2022-10-04,1.3454011693075285
2022-10-05,1.340561199471903
2022-10-06,1.3368048229814702
2022-10-07,1.332411322439872
2022-10-10,1.324348379472199
2022-10-11,1.3257824636497852
2022-10-12,1.3251430257057109
2022-10-13,1.3245858072538463
2022-10-14,1.314416818676602
2022-10-17,1.314353410132316
2022-10-18,1.3145258587515323
2022-10-19,1.3048032824175868
2022-10-20,1.2998217502564557
2022-10-21,1.3012283012850214
2022-10-24,1.3010075379022552
2022-10-25,1.3126195353877776
2022-10-26,1.3188725466785927
2022-10-27,1.3214330404248134
2022-10-28,1.3184179982524726
2022-10-31,1.3157049193245351
2022-11-01,1.3091770197764274
2022-11-02,1.3097627323436036
2022-11-03,1.3068878062137634
2022-11-04,1.3290918099353637
2022-11-07,1.337553900108214
2022-11-08,1.3327045671150968
2022-11-09,1.3209288612071983
2022-11-10,1.3408635636147237
2022-11-11,1.34189599806234
2022-11-14,1.3341101624749212
2022-11-15,1.3412944462960716
2022-11-16,1.3409949983598453
2022-11-17,1.3313989618582212
2022-11-18,1.3335815306366343
2022-11-21,1.3357908328128894
2022-11-22,1.3433109430012904
2022-11-23,1.3459243539091525
2022-11-25,1.3415391807536723
2022-11-28,1.3295405375727851
2022-11-29,1.336327337891546
2022-11-30,1.351429658623677
2022-12-01,1.359003888351038
2022-12-02,1.3627470660787573
2022-12-05,1.3475933713781816
2022-12-06,1.3454005149564006
2022-12-07,1.3532751071262745
2022-12-08,1.3535732993153085
2022-12-09,1.3439644868983764
2022-12-12,1.3507675603456728
2022-12-13,1.3589255475020476
2022-12-14,1.358996942096636
2022-12-15,1.3505315007941512
2022-12-16,1.3432151030721131
2022-12-19,1.3344335441056312
2022-12-20,1.3292267763540409
2022-12-21,1.3384219646836868
2022-12-22,1.3341253062474907
2022-12-23,1.334044253614257
2022-12-27,1.3282090475911112
2022-12-28,1.3207079601897906
2022-12-29,1.330075594450148
2022-12-30,1.3240450009322668
2023-01-03,1.3233021071321829
2023-01-04,1.333216225828434
2023-01-05,1.3248309996398095
2023-01-06,1.3461488865487972
2023-01-09,1.3474800088923016
2023-01-10,1.3498385253717624
2023-01-11,1.35993122362572
2023-01-12,1.364950460497998
2023-01-13,1.3658725214645593
2023-01-17,1.3629656170677678
2023-01-18,1.3539342248792254
2023-01-19,1.3458372141225092
2023-01-20,1.3554415499831578
2023-01-23,1.3619816707242811
2023-01-24,1.3632590041179413
2023-01-25,1.3654032821663404
2023-01-26,1.3704230306759866
2023-01-27,1.3702653914669702
2023-01-30,1.3628502436728902
2023-01-31,1.3776801738228168
2023-02-01,1.387567827495475
2023-02-02,1.3900269064594177
2023-02-03,1.3766534039901293
2023-02-06,1.3692023439562475
2023-02-07,1.3682669344936131
2023-02-08,1.3686235074048871
2023-02-09,1.362558400308203
2023-02-10,1.358157917478761
2023-02-13,1.363414042411302
2023-02-14,1.3587168750311842
2023-02-15,1.3571866408030344
2023-02-16,1.350642527985619
2023-02-17,1.3534945437766623
2023-02-21,1.339379401267003
2023-02-22,1.34233965240941
2023-02-23,1.3469998659393863
2023-02-24,1.33905248685738
2023-02-27,1.341424557730022
2023-02-28,1.3406851509200857
2023-03-01,1.3368331659280013
2023-03-02,1.328422400061571
2023-03-03,1.3384539237590374
2023-03-06,1.3399576120657717
2023-03-07,1.3333800996365313
2023-03-08,1.3291117768766023
2023-03-09,1.3283346456095086
2023-03-10,1.329298563143884
2023-03-13,1.3316962327970292
2023-03-14,1.3224406179380501
2023-03-15,1.3059754993735606
2023-03-16,1.3103789316004697
2023-03-17,1.3142515694823627
2023-03-20,1.31251324564723
2023-03-21,1.3132288330928554
2023-03-22,1.316047201850636
2023-03-23,1.3168816398232688
2023-03-24,1.3235685113094058
2023-03-27,1.332598508291711
2023-03-28,1.3353014930133562
2023-03-29,1.3350066578779751
2023-03-30,1.3448209320320954
2023-03-31,1.3619755927616457
2023-04-03,1.362156995576095
2023-04-04,1.3632659354434011
2023-04-05,1.367651485978773
2023-04-06,1.3720072033483177
2023-04-10,1.3680073588344441
2023-04-11,1.3774947994784423
2023-04-12,1.3787232482556322
2023-04-13,1.383343577362668
2023-04-14,1.3788802060273055
2023-04-17,1.3821157536400308
2023-04-18,1.3924223877375448
2023-04-19,1.3859670992887851
2023-04-20,1.3837777276466214
2023-04-21,1.3804763979190013
2023-04-24,1.383958782770357
2023-04-25,1.382679492189624
2023-04-26,1.377780203421588
2023-04-27,1.3761717170848422
2023-04-28,1.3887322340906032
2023-05-01,1.3641071504749334
2023-05-02,1.3505933796207423
2023-05-03,1.3398297419463325
2023-05-04,1.3420610561120627
2023-05-05,1.351845105155364
2023-05-08,1.361680417092858
2023-05-09,1.365301379307154
2023-05-10,1.3640560629862453
2023-05-11,1.3442177705529277
2023-05-12,1.3448143311885117
2023-05-15,1.3577972166667172
2023-05-16,1.3459443678344085
2023-05-17,1.3447117449385693
2023-05-18,1.3425851118273509
2023-05-19,1.348102063480644
2023-05-22,1.3480182423906777
2023-05-23,1.3485171474755315
2023-05-24,1.3482833762395834
2023-05-25,1.3394509118863462
2023-05-26,1.3772811695606488
2023-05-30,1.3779157223551806
2023-05-31,1.3791611418487566
2023-06-01,1.3888958939312275
2023-06-02,1.3877212932773004
2023-06-05,1.3881026754402965
2023-06-06,1.3918669460702233
2023-06-07,1.3845871345617935
2023-06-08,1.3932010909583867
2023-06-09,1.3908286513313979
2023-06-12,1.3887862980284773
2023-06-13,1.3873796308440756
2023-06-14,1.386102342112802
2023-06-15,1.3976471984544325
2023-06-16,1.3993836340926629
2023-06-20,1.3951384630257007
2023-06-21,1.393738419397579
2023-06-22,1.3864427002652195
2023-06-23,1.38569576635778
2023-06-26,1.3889665069194688
2023-06-27,1.388448357676762
2023-06-28,1.389236443163148
2023-06-29,1.3838610700303968
2023-06-30,1.3930828151813095
2023-07-03,1.3947925888950112
2023-07-05,1.3930109068049603
2023-07-06,1.383403659806144
2023-07-07,1.3876432333460105
2023-07-10,1.393579146085954
2023-07-11,1.4051101948274867
2023-07-12,1.4049856035144415
2023-07-13,1.4114897019834725
2023-07-14,1.4132707127951312
2023-07-17,1.4101160041383802
2023-07-18,1.4164898596776703
2023-07-19,1.422504587716841
2023-07-20,1.423804400338447
2023-07-21,1.4278172188845266
2023-07-24,1.4310585209597557
2023-07-25,1.4345540106299006
2023-07-26,1.4367194292851697
2023-07-27,1.427987492553898
2023-07-28,1.4315155899526935
2023-07-31,1.4350175544588484
2023-08-01,1.4304415802388377
2023-08-02,1.4190847844030523
2023-08-03,1.4127899017247914
2023-08-04,1.4078733979257247
2023-08-07,1.417863937542436
2023-08-08,1.4102719520238385
2023-08-09,1.4077100301016
2023-08-10,1.4073663186490712
2023-08-11,1.4083188792306922
2023-08-14,1.4075310391258624
2023-08-15,1.3886585434685461
2023-08-16,1.3826896957857595
2023-08-17,1.3721365812645294
2023-08-18,1.3761969598086086
2023-08-21,1.3761695026184906
2023-08-22,1.372458615521649
2023-08-23,1.3826049376216507
2023-08-24,1.3726394754276736
2023-08-25,1.3806678677060453
2023-08-28,1.389457517830737
2023-08-29,1.4020282245298672
2023-08-30,1.405797484185756
2023-08-31,1.3998613159427233
2023-09-01,1.403609086309196
2023-09-05,1.388252206055972
2023-09-06,1.3843541070416168
2023-09-07,1.3822363019551003
2023-09-08,1.3841144413876796
2023-09-11,1.3881402604639106
2023-09-12,1.3847197218599097
2023-09-13,1.3809777482540475
2023-09-14,1.3951159375452975
2023-09-15,1.3830992364455268
2023-09-18,1.3830891769580245
2023-09-19,1.3800972280989265
2023-09-20,1.3759852083539466
2023-09-21,1.3541747315414359
2023-09-22,1.3496236885951656
2023-09-25,1.352553682866692
2023-09-26,1.3344157993978873
2023-09-27,1.3344515001649473
2023-09-28,1.3430073131235036
2023-09-29,1.3381884747925261
2023-10-02,1.3376287220264504
2023-10-03,1.3237024363202896
2023-10-04,1.3175733885982313
2023-10-05,1.3184172957299196
2023-10-06,1.3289519673644195
2023-10-09,1.3305688767613424
2023-10-10,1.3334772722826471
2023-10-11,1.3329207805434995
2023-10-12,1.3393376636629877
2023-10-13,1.3487535564044153
2023-10-16,1.3370754278555246
2023-10-17,1.341156987054016
2023-10-18,1.3421999978293522
2023-10-19,1.3417449673084272
2023-10-20,1.3374031981988141
2023-10-23,1.3284508449815216
2023-10-24,1.3300183179556657
2023-10-25,1.33373210335392
2023-10-26,1.3366878492316698
2023-10-27,1.3416245680503276
2023-10-30,1.3417967991129511
2023-10-31,1.3447025333655456
2023-11-01,1.3393704315316197
2023-11-02,1.3479225642520074
2023-11-03,1.3479768246312365
2023-11-06,1.3454688664686039
2023-11-07,1.3273562968401578
2023-11-08,1.3313543215338002
2023-11-09,1.3235465954896581
2023-11-10,1.3120718133310754
2023-11-13,1.327600960181323
2023-11-14,1.326846480003768
2023-11-15,1.3301462103046506
2023-11-16,1.327587390937121
2023-11-17,1.3305060511684257
2023-11-20,1.3386724301019088
2023-11-21,1.341726833456281
2023-11-22,1.3360448611590168
2023-11-24,1.3205402684644585
2023-11-27,1.30966350407341
2023-11-28,1.3330981212593205
2023-11-29,1.3366276445347482
2023-11-30,1.332209439443779
2023-12-01,1.333206852986708
2023-12-04,1.3233139332881858
2023-12-05,1.3251966062308023
2023-12-06,1.3182340921813605
2023-12-07,1.3226039663814337
2023-12-08,1.3238963198124634
2023-12-11,1.3262499901729636
2023-12-12,1.3277693952335636
2023-12-13,1.33640407840254
2023-12-14,1.348687800396718
2023-12-15,1.349690430539961
2023-12-18,1.3504591421705923
2023-12-19,1.3511594069187807
2023-12-20,1.3496667597711673
2023-12-21,1.348864582706322
2023-12-22,1.3492712891945264
2023-12-26,1.3517156810955455
2023-12-27,1.3580346811844894
2023-12-28,1.3559924155894305
2023-12-29,1.3498110364684361
2024-01-02,1.35011165060925
2024-01-03,1.3405246332491896
2024-01-04,1.3380366334720224
2024-01-05,1.3384391506876525
2024-01-08,1.3492308697178954
2024-01-09,1.3459835712185468
2024-01-10,1.346887313562811
2024-01-11,1.3469975005454762
2024-01-12,1.3475265336418232
2024-01-16,1.3398064439542643
2024-01-17,1.333275815376975
2024-01-18,1.3373626497142979
2024-01-19,1.3434900698793766
2024-01-22,1.3478363927757218
2024-01-23,1.3492289596999982
2024-01-24,1.3428575592951175
2024-01-25,1.352757137300761
2024-01-26,1.3530572909145813
2024-01-29,1.3598089336979557
2024-01-30,1.3624972651652292
2024-01-31,1.3538526623655167
2024-02-01,1.3702774132399076
2024-02-02,1.3697224923450102
2024-02-05,1.3592209330398115
2024-02-06,1.3664618394873216
2024-02-07,1.3721207832046929
2024-02-08,1.3732254195714997
2024-02-09,1.3753520985946597
2024-02-12,1.3814302513589674
2024-02-13,1.364259075138897
2024-02-14,1.3755993710267411
2024-02-15,1.3904122053368748
2024-02-16,1.3849982694319618
2024-02-20,1.382797980695307
2024-02-21,1.3863830275188964
2024-02-22,1.4023761748286356
2024-02-23,1.406026792082293
2024-02-26,1.4008551478880609
2024-02-27,1.4053868001550616
2024-02-28,1.4059064973427609
2024-02-29,1.4112202718290006
2024-03-01,1.4180948235603144
2024-03-04,1.42366308750446
2024-03-05,1.416839002164085
2024-03-06,1.4263750865555531
2024-03-07,1.4356277463754998
2024-03-08,1.4335412945430364
2024-03-11,1.435734334732694
2024-03-12,1.4412416835838249
2024-03-13,1.4420526364463626
2024-03-14,1.4319595689950053
2024-03-15,1.4292790400741588
2024-03-18,1.4339206418640629
2024-03-19,1.442198999158201
2024-03-20,1.4513338955140962
2024-03-21,1.459828639013663
2024-03-22,1.4533558297686566
2024-03-25,1.4508843627476953
2024-03-26,1.4496346546956642
2024-03-27,1.469267184152959
2024-03-28,1.474524273966635
2024-04-01,1.4721346352051727
2024-04-02,1.4691221785932187
2024-04-03,1.4682327707081786
2024-04-04,1.4632762722687587
2024-04-05,1.470165101893976
2024-04-08,1.4750033594556955
2024-04-09,1.4829607871231447
2024-04-10,1.4782354076203086
2024-04-11,1.4737767518199774
2024-04-12,1.476722142681376
2024-04-15,1.4758070377004309
2024-04-16,1.462695259232027
2024-04-17,1.4603844315487877
2024-04-18,1.4721526610411064
2024-04-19,1.4862869661615186
2024-04-22,1.4802493595866335
2024-04-23,1.4772284382295302
2024-04-24,1.483276885976189
2024-04-25,1.4834357554415971
2024-04-26,1.4822723376562001
2024-04-29,1.4807528929543605
2024-04-30,1.465690659706334
2024-05-01,1.4356473409442987
2024-05-02,1.4240333360512187
2024-05-03,1.427651379622375
2024-05-06,1.439908110940336
2024-05-07,1.4617552191193055
2024-05-08,1.4564891643992457
2024-05-09,1.4628780029515966
2024-05-10,1.471871213192093
2024-05-13,1.4364855921034465
2024-05-14,1.4558202159530114
2024-05-15,1.4775346459838916
2024-05-16,1.4453888850371963
2024-05-17,1.458394933911133
2024-05-20,1.466833108229058
2024-05-21,1.4748238716362687
2024-05-22,1.473146104827297
2024-05-23,1.4757848760892869
2024-05-24,1.4861343391509183
2024-05-28,1.5163827378076375
2024-05-29,1.5151299876207995
2024-05-30,1.4977215411182603
2024-05-31,1.483505630365298
2024-06-03,1.4856075947195366
2024-06-04,1.4718822448408806
2024-06-05,1.4731683379455902
2024-06-06,1.4904394058621573
2024-06-07,1.4744325968136316
2024-06-10,1.4737045310963253
2024-06-11,1.4723074362967463
2024-06-12,1.4901976532352939
2024-06-13,1.489499913224661
2024-06-14,1.4817814384973622
2024-06-17,1.4737691404685451
2024-06-18,1.480594743581969
2024-06-20,1.477659260000081
2024-06-21,1.462051360395137
2024-06-24,1.4549592083396496
2024-06-25,1.4458510742269826
2024-06-26,1.4415436194090467
2024-06-27,1.4388264559602613
2024-06-28,1.4425490602648434
2024-07-01,1.4345093404196478
2024-07-02,1.4403600736575453
2024-07-03,1.4483142256072494
2024-07-05,1.4552262017712325
2024-07-08,1.4547627120847892
2024-07-09,1.454003306344454
2024-07-10,1.455490284897306
2024-07-11,1.4627967573477851
2024-07-12,1.4663737158256525
2024-07-15,1.4610048730971346
2024-07-16,1.4663637700269907
2024-07-17,1.4659251941746554
2024-07-18,1.4621309881462379
2024-07-19,1.4575718097760884
2024-07-22,1.4586624407783146
2024-07-23,1.4579731283881898
2024-07-24,1.4534867735308692
2024-07-25,1.4559731077520826
2024-07-26,1.460789398036707
2024-07-29,1.461730671747009
2024-07-30,1.4639086637488687
2024-07-31,1.4717611751350324
2024-08-01,1.4709704533797483
2024-08-02,1.4706209240327677
2024-08-05,1.4546151434650056
2024-08-06,1.4564615651435313
2024-08-07,1.4502256825790563
2024-08-08,1.4608554208265296
2024-08-09,1.4653035305550963
2024-08-12,1.4641955175961896
2024-08-13,1.4743796648156542
2024-08-14,1.478536967927384
2024-08-15,1.482458703596111
2024-08-16,1.48602634296239
2024-08-19,1.4919975423044993
2024-08-20,1.4925226478698659
2024-08-21,1.4988247721280534
2024-08-22,1.4937433025502842
2024-08-23,1.5041207181459502
2024-08-26,1.5031424202824952
2024-08-27,1.5039309134388965
2024-08-28,1.501456710730991
2024-08-29,1.502357076075113
2024-08-30,1.5062549847243893
2024-09-03,1.5021668143974156
2024-09-04,1.5054591691394914
2024-09-05,1.5026873866046664
2024-09-06,1.4960744933722128
2024-09-09,1.5043662164716693
2024-09-10,1.5074735483596446
2024-09-11,1.5077521359972816
2024-09-12,1.5113932059991417
2024-09-13,1.5195506578114466
2024-09-16,1.5261654956988207
2024-09-17,1.5248302978527457
2024-09-18,1.5204018232481415
2024-09-19,1.5264526254149988
2024-09-20,1.5254963834265933
2024-09-23,1.5287061146869785
2024-09-24,1.529943117349349
2024-09-25,1.5236913851198375
2024-09-26,1.5280375176507734
2024-09-27,1.5324456032992697
2024-09-30,1.5324308694675015
2024-10-01,1.5304733557796293
2024-10-02,1.527772182129731
2024-10-03,1.5214264948067893
2024-10-04,1.5246990771929885
2024-10-07,1.5138464432739596
2024-10-08,1.5188838894374557
2024-10-09,1.524026610236766
2024-10-10,1.5201145090403978
2024-10-11,1.5297759456955762
2024-10-14,1.536561185978289
2024-10-15,1.5353310926608792
2024-10-16,1.542854508986156
2024-10-17,1.538391749110752
2024-10-18,1.5420670384681567
2024-10-21,1.5316045908924467
2024-10-22,1.5271001468351293
2024-10-23,1.5229948851890545
2024-10-24,1.5222124133190114
2024-10-25,1.515807124361654
2024-10-28,1.5197032554650278
2024-10-29,1.51734420009486
2024-10-30,1.5143707007603169
2024-10-31,1.504937739066569
2024-11-01,1.5022273427446697
2024-11-04,1.5026221354047429
2024-11-05,1.5125619837520843
2024-11-06,1.5212955792034903
2024-11-07,1.5355181601327057
2024-11-08,1.5348834815123318
2024-11-11,1.5303939264964923
2024-11-12,1.5296285073191787
2024-11-13,1.5310899281709074
2024-11-14,1.5274930798795943
2024-11-15,1.5220865565320447
2024-11-18,1.5314741344601224
2024-11-19,1.5357460131090566
2024-11-20,1.5405258563547173
2024-11-21,1.555466536114623
2024-11-22,1.5672275143625747
2024-11-25,1.5692539910094452
2024-11-26,1.5761762800546617
2024-11-27,1.573251456664216
2024-11-29,1.579776146662992
2024-12-02,1.573781520522578
2024-12-03,1.5701681736879867
2024-12-04,1.5725177237086991
2024-12-05,1.5690990442491517
2024-12-06,1.5685064423260764
2024-12-09,1.5574837648898519
2024-12-10,1.5519407114054073
2024-12-11,1.552987609065452
2024-12-12,1.5482326535826862
2024-12-13,1.5454549196816318
2024-12-16,1.5436860885786328
2024-12-17,1.533987087260006
2024-12-18,1.5004738487733387
2024-12-19,1.4954437774287186
2024-12-20,1.5123119295001524
2024-12-23,1.5133104997016895
2024-12-24,1.5251065371839654
2024-12-26,1.5235800164180044
2024-12-27,1.5113399032248775
2024-12-30,1.5026485008427368
2024-12-31,1.5032955677366506
2025-01-02,1.508228751594542
2025-01-03,1.4988181389324158
2025-01-06,1.5101069589392224
2025-01-07,1.5089458532459086
2025-01-08,1.504486404062698
2025-01-10,1.518949386480753
2025-01-13,1.5226970804278983
2025-01-14,1.5213614979952663
2025-01-15,1.5344714838144315
2025-01-16,1.5274479374195467
2025-01-17,1.5317001590197707
2025-01-21,1.5355583126760992
2025-01-22,1.5402655052055343
2025-01-23,1.5462306938968207
2025-01-24,1.5477785571728164
2025-01-27,1.5355552188300778
2025-01-28,1.5395378541134606
2025-01-29,1.5505072559526458
2025-01-30,1.5514280232960087
2025-01-31,1.5453065412457794
2025-02-03,1.548158884035171
2025-02-04,1.5522617317168592
2025-02-05,1.553380262103225
2025-02-06,1.5509995704049928
2025-02-07,1.5462843864232108
2025-02-10,1.5585974919400152
2025-02-11,1.5551018761875433
2025-02-12,1.55304427737959
2025-02-13,1.559472829376583
2025-02-14,1.553856275648531
2025-02-18,1.5673867212644406
2025-02-19,1.560090972488734
2025-02-20,1.5557645737916408
2025-02-21,1.5448641226329267
2025-02-24,1.5336939164665377
2025-02-25,1.5255582704091817
2025-02-26,1.520798374665067
2025-02-27,1.5097420181392247
2025-02-28,1.4974514347549759
2025-03-03,1.4971215996163416
2025-03-04,1.4941763890268056
2025-03-05,1.4970958821775717
2025-03-06,1.4958071657911671
2025-03-07,1.498231662794888
2025-03-10,1.5019476907187508
2025-03-11,1.4991815946403735
2025-03-12,1.4981249187336507
2025-03-13,1.501933503269247
2025-03-14,1.5003414031868336
2025-03-17,1.5093360229340087
2025-03-18,1.5088226000664209
2025-03-19,1.513945080919884
2025-03-20,1.514937795230647
2025-03-21,1.5106979447005577
2025-03-24,1.50529950589281
2025-03-25,1.5071357461324915
2025-03-26,1.5047645665004485
2025-03-27,1.5042349139554603
2025-03-28,1.5080445414829238
2025-03-31,1.5129511117432783
2025-04-01,1.5188765994378586
2025-04-02,1.5181133486415657
2025-04-03,1.52035589322292
2025-04-04,1.5148758076855198
2025-04-07,1.4958666030457308
2025-04-08,1.4889508606250195
2025-04-09,1.4951713826318564
2025-04-10,1.4851018957266278
2025-04-11,1.4868332246876272
2025-04-14,1.4948950698037686
2025-04-15,1.498228677588705
2025-04-16,1.5047015836829267
2025-04-17,1.5020970867380785
2025-04-21,1.492539514870529
2025-04-22,1.496253797348024
2025-04-23,1.4992424411611975
2025-04-24,1.5072959505185257
2025-04-25,1.5122827931359581
2025-04-28,1.516436595591412
2025-04-29,1.5183398051389065
2025-04-30,1.5155048723251832
2025-05-01,1.5113745050814371
2025-05-02,1.5040042171262304
2025-05-05,1.5013939292103078
2025-05-06,1.5050788939755406
2025-05-07,1.5073823703129166
2025-05-08,1.4995513870902346
2025-05-09,1.5010868786819336
2025-05-12,1.4960197086393614
2025-05-13,1.4944840975727487
2025-05-14,1.49018479280094
2025-05-15,1.4986298770803708
2025-05-16,1.4995513870902348
2025-05-19,1.4990904528729323
2025-05-20,1.4964804039068371
2025-05-21,1.4866531143500672
2025-05-22,1.4909526580717034
2025-05-23,1.4931021312452373
2025-05-27,1.4998583181436955
2025-05-28,1.4970945049635855
2025-05-29,1.5026222507987195
2025-05-30,1.5063073350388663
2025-06-02,1.5080089923184332
2025-06-03,1.5081204034060807
2025-06-04,1.5151101726547034
2025-06-05,1.5181659047544107
2025-06-06,1.5186320912868878
2025-06-09,1.5210953416393405
2025-06-10,1.5205456526412313
2025-06-11,1.5258599719572976
2025-06-12,1.5288971023440416
2025-06-13,1.5292404566227578
2025-06-16,1.5309184833712366
2025-06-17,1.5340089428810118
2025-06-18,1.5369805384240485
2025-06-20,1.5316706938752924
2025-06-23,1.5303142794057
2025-06-24,1.5264375813785653
2025-06-25,1.5255885057344727
2025-06-26,1.5310234011681119
2025-06-27,1.5304790390277896
2025-06-30,1.5310909971583972
2025-07-01,1.5302430400908529
2025-07-02,1.5309203578616595
2025-07-03,1.52906167535697
2025-07-07,1.5231186409489457
2025-07-08,1.524455503758807
2025-07-09,1.5295797949222023
2025-07-10,1.5311519593753884
2025-07-11,1.5269182587225472
2025-07-14,1.5265063074978362
2025-07-15,1.5207790719509082
2025-07-16,1.52387245528513
2025-07-17,1.5255770538636204
2025-07-18,1.5285653210879862
2025-07-21,1.5317131502676364
2025-07-22,1.5360776088955024
2025-07-23,1.5346839006171116
2025-07-24,1.5330807357668925
2025-07-25,1.534728564142975
2025-07-28,1.5321841335669997
2025-07-29,1.5385264219190118
2025-07-30,1.533325844184906
2025-07-31,1.5286815261659805
2025-08-01,1.5180897792495291
2025-08-04,1.5320130937848573
2025-08-05,1.5298213328570331
2025-08-06,1.5285864411344057
2025-08-07,1.5306445207452988
2025-08-08,1.533304874536026
2025-08-11,1.532965127296309
2025-08-12,1.5444828815886604
2025-08-13,1.5558349562210672
2025-08-14,1.549369271621524
2025-08-15,1.5440808596493816
2025-08-18,1.542365632846029
2025-08-19,1.546736795731091
2025-08-20,1.5529257845688136
2025-08-21,1.5512115571977931
2025-08-22,1.568610258345246
2025-08-25,1.5595502461048618
2025-08-26,1.5608459915267672
2025-08-27,1.5652384917949713
2025-08-28,1.564017741265074
2025-08-29,1.566375451656978
2025-09-02,1.5622808616685946
2025-09-03,1.5607724863592696
2025-09-04,1.5607095051873248
2025-09-05,1.55964678467239
2025-09-08,1.5631726083874162
2025-09-09,1.5596362538936146
2025-09-10,1.561943704174967
2025-09-11,1.5756737371435308
2025-09-12,1.5699324407415944
2025-09-15,1.579263258550617
2025-09-16,1.5787446585503344
2025-09-17,1.5712918784020877
2025-09-18,1.5720563792569073
2025-09-19,1.5691485944034829
2025-09-22,1.570463927438896
2025-09-23,1.578629242817488
2025-09-24,1.5787095155891122
2025-09-25,1.5746256573792214
2025-09-26,1.58598055320829
2025-09-29,1.5903283425049732
2025-09-30,1.5925939100401754
2025-10-01,1.5903889767687764
2025-10-02,1.586175040232936
2025-10-03,1.5960889743087452
2025-10-06,1.6012611720854708
2025-10-07,1.5993944222523844
2025-10-08,1.6099911377979377
2025-10-09,1.5987863319667246
2025-10-10,1.5819535844176011
2025-10-13,1.6005078950565284
2025-10-14,1.6073572349561978
2025-10-15,1.597997140847221
2025-10-16,1.6030642514175897
2025-10-17,1.5887898969430334
2025-10-20,1.6056979280925054
2025-10-21,1.5921256863158813
2025-10-22,1.589639513452459
2025-10-23,1.6057076692251644
2025-10-24,1.5980489602309003
2025-10-27,1.5920210197852918
2025-10-28,1.5836280634021023
2025-10-29,1.5881427598207125
2025-10-30,1.59263498844542
2025-10-31,1.5915495253098202
